Name,Points,Sum,s18a1042,yamazawa,Win4Pre,Gu,Choki,Pa,s09a1007,s12a2036,s12a2070,s12a1057,s12a1069,s13a1051,s14a2026,s14a2043,s14a1003,s14a1022,s16a1041,s16a1305,s16a2302,s17a1001,s17a1003,s17a1006,s17a1007,s17a1008,s17a1009,s17a1010,s17a1011,s17a1012,s17a1013,s17a1016,s17a1017,s17a1019,s17a1020,s17a1021,s17a1024,s17a1025,s17a1027,s17a1028,s17a1029,s17a1032,s17a1034,s17a1035,s17a1037,s17a1038,s17a1039,s17a1040,s17a1043,s17a1044,s17a1046,s17a1047,s17a1048,s17a1049,s17a1050,s17a1051,s17a1052,s17a1053,s17a1055,s17a1056,s17a1057,s17a1058,s17a1059,s17a1060,s17a1061,s17a1062,s17a1063,s17a1064,s17a1065,s17a1066,s17a1068,s17a1070,s17a1072,s17a1073,s17a1074,s17a1075,s17a1076,s17a1077,s17a1078,s17a1079,s17a1080,s13a2029,s16a1301,s16a1303,s16a2301,s16a2304,s17a2001,s17a2002,s17a2003,s17a2004,s17a2005,s17a2006,s17a2007,s17a2008,s17a2009,s17a2010,s17a2011,s17a2012,s17a2014,s17a2015,s17a2017,s17a2018,s17a2019,s17a2020,s17a2022,s17a2023,s17a2024,s17a2025,s17a2026,s17a2027,s17a2028,s17a2029,s17a2030,s17a2031,s17a2032,s17a2033,s17a2034,s17a2035,s17a2036,s17a2037,s17a2038,s17a2039,s17a2040,s17a2041,s17a2042,s17a2043,s17a2044,s17a2046,s17a2047,s17a2048,s17a2050,s17a2052,s17a2053,s17a2055,s17a2056,s17a2057,s17a2058,s17a2060,s17a2062,s17a2063,s17a2065,s17a2066,s17a2069,s17a2070,s17a2071,s17a2076,s17a2077,s17a2078,s17a2079,s17a2301
s18a1042,"=IF(C2>=0,C2/C$3*15+25,25-C2/C$4*15)",-59799,0,-375,11,360,360,360,-367,-344,-367,-375,-352,-375,-375,-360,-373,-350,-374,-325,-335,10,-113,-347,-345,-345,-348,-370,-333,-343,-173,-365,72,-345,-340,177,0,-350,-255,-341,-110,-371,-354,19,180,-345,-170,0,-356,-350,29,0,-375,-356,-370,-359,-356,-219,15,0,-357,-355,-10,-349,0,0,36,-349,-365,-83,-352,-347,5,2,-11,-37,-4,-31,-375,-347,0,0,-360,20,-334,-375,4,-357,-9,-357,-353,-351,-349,-277,-355,9,-17,0,-351,-332,-375,-16,6,-328,-354,-375,-354,-96,231,14,113,-375,-32,-353,-348,-356,-354,-356,13,-85,168,-15,-349,-308,-361,-226,-4,-352,-195,-16,-352,-10,-345,-360,-351,-366,-352,9,-368,-180,-17,30,-340,-348,-338,-350,0,-341,-357,-17
yamazawa,"=IF(C3>=0,C3/C$3*15+25,25-C3/C$4*15)",24027,375,0,353,373,367,367,-33,-28,-37,-30,-2,18,-16,-12,117,-103,-17,-4,26,350,-11,-1,-1,341,115,58,10,12,300,310,57,213,92,298,362,73,345,4,-17,10,3,44,183,320,179,373,20,-28,0,362,331,-10,67,-34,151,73,161,11,13,42,311,148,367,375,1,69,-16,154,-6,-32,15,-23,-22,81,18,8,273,116,373,375,73,16,-2,337,16,-1,-18,23,2,-27,-1,54,-20,-8,34,37,9,89,-4,12,28,5,-15,31,-18,25,207,-4,93,-6,15,-9,93,14,-5,39,47,64,135,101,-6,-11,36,26,7,15,72,4,10,30,15,319,20,6,8,17,49,91,32,11,40,-9,-2,-17,363,38,7,119
Win4Pre,"=IF(C4>=0,C4/C$3*15+25,25-C4/C$4*15)",-61203,-13,-357,0,369,370,371,-360,-361,-370,-363,-355,-370,-365,-344,-370,-371,-371,-358,-334,2,-105,-371,-371,-365,-354,-351,-363,-355,-111,-361,-368,-355,-370,180,-12,-365,-251,-365,-141,-363,-351,2,169,-362,-52,-9,-370,-368,-10,-11,-370,-358,-348,-362,-367,-175,-370,-16,-361,-334,-3,-359,-11,-10,6,-360,-348,-78,-366,-361,15,-15,-2,-39,20,5,-79,-360,-7,-9,-370,19,-353,-370,19,-355,-20,-360,-359,-361,-350,-43,-360,12,-3,-8,-369,-370,-369,-15,10,-341,-360,-365,-364,-93,264,-17,131,-368,3,-363,-354,-362,-355,-349,7,-91,183,-8,-361,-329,-362,-241,-1,-355,-192,12,-347,4,-360,-370,-360,-362,-353,11,-350,-190,7,-1,-369,-350,-359,-365,-12,-365,-366,-70
Gu,"=IF(C5>=0,C5/C$3*15+25,25-C5/C$4*15)",-86039,-360,-370,-368,0,375,-375,-375,-372,-375,-374,-375,-360,-355,-372,-372,-355,-372,-330,-326,-250,-353,-360,-350,-185,-370,-365,-360,11,-354,-370,-355,-355,-360,-364,-360,-360,-360,-358,40,-360,-354,-360,-360,-370,-355,-360,-360,-355,-1,-360,-360,-364,-365,-358,-358,-362,-360,-2,-350,-373,-370,-367,-360,-360,19,-351,-375,-357,-354,-363,-324,7,-10,-360,13,1,-360,-370,-360,-360,-360,28,-356,-360,-366,-349,10,-361,-357,-359,-355,-361,-367,5,-2,-360,-360,-360,-360,-32,-157,-375,-356,-369,-360,-375,-375,-15,-371,-360,-12,-363,-358,-365,-359,-355,-365,15,-362,-336,-356,-317,-360,-360,-8,-362,-360,1,-357,8,-356,-360,-358,-364,-360,8,-363,0,7,-359,-360,-357,-359,-375,-360,-362,-361,-9
Choki,"=IF(C6>=0,C6/C$3*15+25,25-C6/C$4*15)",-86923,-360,-367,-368,-375,0,375,-373,-371,-375,-372,-375,-360,-355,-372,-372,-350,-370,-335,-328,-125,-360,-360,-350,-95,-352,-355,-360,-371,-351,-365,-355,-355,-360,-354,-360,-365,-360,-361,40,-360,-357,-360,-360,-365,-370,-360,-360,-358,4,-360,-350,-362,-355,-354,-359,-356,-360,-8,-365,-373,-360,-344,-360,-360,-17,-358,-365,-358,-358,-361,-317,-24,-28,-360,-19,-2,-360,-369,-360,-360,-370,20,-352,-360,-360,-356,-26,-360,-360,-358,-352,-362,-363,8,-4,-360,-360,-360,-360,22,-163,-373,-368,-368,-355,-375,-353,-10,-373,-360,-14,-360,-362,-364,-364,-366,-371,-360,-359,-348,-358,-327,-361,-360,-14,-368,-360,-17,-349,5,-357,-360,-355,-356,-362,0,-357,95,-4,-359,-360,-363,-359,-375,-360,-358,-361,16
Pa,"=IF(C7>=0,C7/C$3*15+25,25-C7/C$4*15)",-84710,-360,-367,-370,375,-375,0,-373,-370,-375,-372,-375,-360,-355,-372,-371,-365,-373,-350,-321,0,-352,-360,-350,190,-359,-360,-360,-368,-353,-360,-360,-370,-360,-364,-360,-350,-360,-364,40,-360,-352,-360,-360,-360,-375,-360,-360,-360,0,-360,-355,-361,-360,-363,-361,-358,-360,-15,-365,-374,-365,-346,-360,-360,13,-350,-370,-357,-364,-358,-316,-13,-20,-360,1,7,-360,-374,-360,-360,-360,115,-350,-360,-359,-361,-3,-352,-361,-355,-351,-361,-365,14,6,-360,-360,-360,-360,-1,-151,-374,-358,-368,-360,-375,-364,-16,-366,-360,-5,-356,-359,-365,-364,-361,-360,-10,-358,103,-355,-322,-358,-360,0,-373,-360,-38,-351,7,-360,-360,-355,-362,-362,9,-357,-95,-8,-356,-360,-362,-358,-375,-360,-356,-359,-5
s09a1007,"=IF(C8>=0,C8/C$3*15+25,25-C8/C$4*15)",39051,360,23,363,374,375,374,0,44,20,8,84,237,132,15,152,303,96,34,37,359,1,66,36,353,347,211,41,33,331,282,124,351,125,332,358,262,291,27,36,91,95,30,356,344,352,358,90,44,11,367,120,5,236,51,333,138,334,18,121,134,335,344,367,360,5,18,69,230,72,302,-11,-9,-21,141,18,29,284,301,360,358,206,78,-21,325,19,18,15,34,26,22,52,128,15,15,11,-11,19,23,17,0,16,10,46,10,21,42,238,2,131,40,2,76,44,9,-17,89,295,113,316,285,30,-39,109,106,26,89,72,-9,12,2,19,254,5,134,8,0,314,343,-18,-4,61,23,20,156,358,48,135,177
s12a2036,"=IF(C9>=0,C9/C$3*15+25,25-C9/C$4*15)",18363,343,0,359,368,369,370,-84,0,-27,-11,21,52,-18,-28,40,88,-37,22,26,341,-22,4,-15,309,103,89,0,14,62,34,21,193,22,176,344,100,-2,-10,20,19,6,-21,116,278,24,344,1,17,-23,344,-11,23,35,-9,26,31,67,8,67,27,62,185,345,344,-6,12,29,64,43,12,-36,-4,32,48,-26,1,125,-8,343,343,19,-56,3,52,-5,-13,7,31,-2,6,18,41,-11,-17,-7,7,-12,17,-19,11,-1,15,-22,-21,19,35,158,-4,67,30,7,44,56,3,4,25,54,21,48,321,10,-12,16,0,27,12,-10,4,-9,20,20,73,-1,35,12,11,-7,161,-4,-3,6,19,0,5,342,20,18,5
s12a2070,"=IF(C10>=0,C10/C$3*15+25,25-C10/C$4*15)",15510,358,25,366,372,373,373,-27,-4,0,-22,33,13,-62,12,97,-8,-33,9,33,30,24,24,41,-23,28,50,-1,0,89,41,20,16,61,112,351,26,147,-19,1,34,36,22,76,13,25,357,25,-9,-3,360,64,30,18,35,-5,48,149,-3,129,34,-1,18,353,355,32,63,36,68,11,-3,-14,-4,2,8,4,13,39,13,351,356,21,-9,10,57,10,-3,-12,21,34,18,12,12,16,-17,7,32,30,11,48,11,32,-9,18,-11,5,-6,56,-2,78,58,-23,21,33,6,10,28,27,50,29,110,25,2,4,0,6,22,42,10,9,0,43,51,27,6,19,6,-8,28,0,18,30,12,26,34,375,60,5,12
s12a1057,"=IF(C11>=0,C11/C$3*15+25,25-C11/C$4*15)",28427,375,25,366,374,372,372,-18,17,18,0,45,79,31,-17,136,84,13,-7,22,365,20,7,20,321,306,36,35,16,253,121,61,336,118,143,375,89,366,3,77,34,40,0,258,266,190,375,30,-10,-1,375,367,-1,89,28,205,75,111,0,97,40,368,323,375,375,6,-6,12,167,15,78,-21,-11,16,36,-9,3,348,184,375,375,96,18,9,349,19,15,-14,12,25,18,23,2,7,-15,11,9,34,100,18,-9,9,17,26,45,10,64,108,-38,97,19,-14,39,98,14,23,105,67,44,169,71,11,10,61,90,-20,-2,83,-2,-6,2,16,246,26,44,18,-5,131,265,0,7,50,-24,-10,105,375,12,67,81
s12a1069,"=IF(C12>=0,C12/C$3*15+25,25-C12/C$4*15)",14953,352,35,358,374,373,373,-86,-35,-12,-70,0,-55,-47,-35,-54,-18,-88,-18,12,-55,-3,-9,30,190,-13,-33,-20,12,249,251,10,-75,63,-137,355,50,346,21,-2,30,18,-20,-115,-70,122,354,28,-60,21,355,284,19,-45,-16,32,54,7,0,-88,16,-30,-12,354,355,21,47,54,119,4,-23,1,-7,5,355,22,-15,175,332,354,355,65,-20,3,140,18,0,-18,-6,7,-7,24,10,-20,22,14,24,25,2,24,-13,14,-30,-17,-5,14,-10,112,-7,6,34,-10,35,11,9,20,45,140,7,-54,8,1,32,54,39,-6,-81,35,2,12,-1,15,171,16,37,32,1,-16,64,-10,24,66,5,9,44,354,25,65,-6
s13a1051,"=IF(C13>=0,C13/C$3*15+25,25-C13/C$4*15)",11897,375,-25,374,355,360,360,-275,-24,-24,-82,65,0,-3,-88,17,15,-200,-5,-15,125,-7,44,15,125,23,-170,20,11,198,140,23,-40,-75,-149,375,-20,360,-12,-40,31,-4,62,95,10,35,375,39,-45,-34,375,285,24,20,32,-44,37,83,-8,-61,-3,25,-67,375,375,33,-20,-7,-37,-9,33,-16,29,-18,11,-19,-16,-60,-42,375,375,-30,-17,4,-60,-6,11,-9,35,34,21,-21,11,-6,28,-41,19,23,37,6,-12,-31,-61,16,4,26,0,54,-15,-66,32,20,37,61,30,35,76,-10,50,-141,90,43,5,41,-13,7,-60,20,-12,36,-4,38,90,33,39,-6,2,-67,60,-9,-23,-35,46,-12,50,375,52,52,38
s14a2026,"=IF(C14>=0,C14/C$3*15+25,25-C14/C$4*15)",13811,374,20,347,354,354,354,-122,-16,31,-25,46,15,0,-31,73,5,-136,-11,34,-57,-17,45,26,185,66,46,-17,33,54,-30,-19,58,31,143,373,15,-83,-56,13,19,-9,19,120,90,48,374,33,-55,10,374,-29,32,7,38,17,48,4,15,89,-25,12,74,375,375,-31,50,21,72,39,-118,8,17,9,0,18,-2,135,55,374,375,95,-29,-5,14,2,5,1,48,10,16,22,12,-77,2,2,-10,37,4,35,-20,-32,-26,7,-4,16,57,156,-12,55,40,-2,-5,8,12,28,11,6,119,33,79,18,5,-15,-3,-4,53,36,-12,35,17,22,59,8,-3,3,-11,-80,48,2,24,-1,11,41,-60,375,-9,-5,67
s14a2043,"=IF(C15>=0,C15/C$3*15+25,25-C15/C$4*15)",24557,360,30,340,372,372,372,-36,12,12,9,32,122,40,0,64,92,-12,1,6,365,13,-1,24,362,312,100,9,1,170,70,114,300,109,225,360,134,361,23,47,25,7,38,205,248,158,357,46,-6,6,357,21,2,57,34,137,49,49,-11,98,24,342,334,357,354,2,-2,2,41,44,156,24,-4,0,13,6,-12,52,73,355,357,111,-1,2,169,-10,8,-14,14,9,21,-8,1,6,13,-17,-15,34,15,16,-14,8,16,3,23,13,30,132,-4,84,33,-14,35,12,22,-13,-6,96,25,126,27,18,6,93,145,-8,20,41,-39,30,4,26,76,14,69,8,-10,-7,283,-3,-19,106,20,15,58,360,26,53,81
s14a1003,"=IF(C16>=0,C16/C$3*15+25,25-C16/C$4*15)",12096,345,-87,369,372,370,371,-167,-39,-97,-90,-22,-20,-68,-41,0,-148,-176,-82,-33,69,28,-44,-40,355,37,-8,-36,-35,-16,2,-3,-62,148,104,375,50,243,-85,-64,11,-18,4,163,-68,181,373,1,-103,-8,372,44,-7,-19,-46,30,-19,-6,26,95,22,-6,45,343,343,-17,40,-106,-1,-100,211,-6,-2,-28,-21,5,-12,113,108,372,349,75,-28,-50,139,-20,-33,4,-25,-49,-62,44,-100,-69,4,16,-11,-41,60,-7,26,25,-74,-39,-10,-32,143,247,-10,138,-11,-5,24,73,-25,-4,-8,-62,146,174,243,-22,32,133,-199,-14,-77,-16,21,29,18,-17,235,-4,-19,64,1,-107,183,2,-13,19,5,10,74,350,-29,-2,-94
s14a1022,"=IF(C17>=0,C17/C$3*15+25,25-C17/C$4*15)",12327,350,15,369,355,350,365,-334,-128,-3,-107,145,-15,-5,-76,132,0,-313,-35,52,-190,4,16,6,165,-162,95,-19,22,144,70,-12,50,80,-101,350,50,105,-199,25,69,23,20,45,80,115,350,65,-199,6,350,85,14,105,36,0,92,-55,20,-7,55,75,-158,350,350,14,-1,139,130,12,12,-2,4,29,44,-12,-7,155,-15,350,350,-5,-82,14,55,30,24,7,41,35,50,45,32,-71,12,-16,7,29,-51,56,33,12,-33,22,28,43,6,74,12,-7,44,-6,26,-45,29,25,-29,-82,82,-27,350,15,5,85,8,-3,-39,25,-12,44,-10,46,0,22,87,28,-16,-3,90,-12,18,5,43,13,70,350,47,82,-9
s16a1041,"=IF(C18>=0,C18/C$3*15+25,25-C18/C$4*15)",38851,373,31,371,373,370,373,-113,41,83,9,91,238,151,8,158,333,0,52,66,336,36,52,77,370,328,258,53,13,325,280,106,320,151,320,375,271,365,-39,117,71,86,7,359,340,330,373,86,1,-3,373,330,28,257,58,306,132,345,-12,117,30,304,313,375,374,3,-14,76,236,90,296,16,-5,10,54,-6,-3,351,310,374,373,206,80,-13,299,8,20,-22,35,34,24,55,103,-4,-17,-18,35,54,72,39,-4,8,10,40,35,17,39,82,-10,163,14,16,75,48,45,10,78,290,135,295,96,4,6,111,121,-7,28,66,-19,29,5,1,346,33,121,12,-22,327,345,-30,13,67,24,-11,198,374,38,150,180
s16a1305,"=IF(C19>=0,C19/C$3*15+25,25-C19/C$4*15)",17141,325,-9,364,330,335,350,-46,12,-25,-21,30,5,43,-30,85,35,-98,0,42,350,25,-8,-42,270,129,21,10,12,148,98,-19,60,52,133,325,90,-10,14,5,22,2,-25,170,135,105,325,23,9,-16,325,75,-10,80,-12,29,43,75,-3,97,79,55,125,325,325,13,4,26,105,-3,37,-24,-12,39,15,-21,18,5,60,325,325,106,-16,13,80,-7,-6,-6,-14,1,-6,13,-37,-9,13,-31,-17,-4,12,4,-17,-22,14,15,-13,-1,63,59,18,97,46,5,39,18,-40,24,2,47,29,83,345,10,2,7,-37,-16,38,35,-7,8,-5,21,90,6,16,-20,9,-24,170,1,-2,-20,-8,6,-15,325,11,16,69
s16a2302,"=IF(C20>=0,C20/C$3*15+25,25-C20/C$4*15)",14142,335,-21,333,326,328,321,-87,-27,-19,-34,-13,0,-18,-19,30,-52,-54,-51,0,304,-3,-3,-18,323,106,4,8,16,32,48,-5,33,127,147,335,73,-50,-26,-19,11,2,-6,150,92,34,335,2,-4,2,335,42,22,131,-11,59,37,62,-13,58,7,97,95,335,335,-11,164,-19,-5,13,25,-10,-24,29,122,-20,2,-7,158,335,335,-33,44,-18,53,-28,13,12,-11,-12,5,28,12,-34,9,-36,-11,-8,4,-7,-19,-17,-26,4,-49,-23,38,146,1,86,-24,-13,-7,28,4,-22,-16,28,53,114,273,38,10,4,-61,15,24,43,11,3,-14,-15,186,3,24,-9,12,33,104,-13,2,7,3,-6,-38,335,-4,23,57
s17a1001,"=IF(C21>=0,C21/C$3*15+25,25-C21/C$4*15)",-12298,-10,-355,1,250,125,0,-359,-338,-30,-365,25,-125,62,-365,-71,190,-338,-350,-304,0,3,15,-16,115,64,-46,-117,-33,-147,175,-71,-5,0,-215,-10,120,-5,-241,-150,11,-3,-14,-250,-40,-360,-10,-8,-306,-3,-10,-365,-10,40,4,329,78,9,-12,-97,-124,60,234,-10,-10,-6,34,-331,-98,8,-93,5,-18,8,7,-8,-14,-5,77,-10,-10,111,8,21,-125,-12,17,28,-132,10,-75,-107,-159,-273,-25,0,0,-6,-7,-22,2,-45,-201,-102,23,18,-29,-203,-25,-9,5,4,26,0,27,8,-344,0,104,-337,-8,4,-14,-15,2,9,-341,-60,-11,-33,13,15,-10,-4,-47,1,23,-9,190,-13,3,-5,-17,-1,135,-10,-14,-26,40
s17a1003,"=IF(C22>=0,C22/C$3*15+25,25-C22/C$4*15)",7052,93,9,101,356,357,363,-55,23,-3,-27,9,0,15,24,-5,-6,-23,-5,-23,-12,0,18,38,-13,21,7,9,19,15,45,-33,-6,-2,177,98,-4,-18,-13,7,32,2,12,122,51,0,113,-7,51,18,90,-18,-4,2,-20,-10,62,73,20,108,-22,30,12,139,96,-4,-6,-5,8,9,-5,3,-19,-5,16,3,-10,69,-34,103,110,42,-34,23,54,11,2,9,42,-5,8,-26,16,-7,-9,11,5,-3,-3,-22,-1,-5,-23,0,-37,21,-17,132,-3,85,24,-1,-11,12,31,29,6,22,30,15,33,24,14,12,9,-5,11,6,4,34,-11,3,57,4,8,-24,5,-39,-9,-4,23,0,14,31,12,113,0,-1,-7
s17a1006,"=IF(C23>=0,C23/C$3*15+25,25-C23/C$4*15)",11652,348,-10,370,360,360,360,-11,-1,-45,-20,-32,-6,-12,-54,2,-25,-60,18,-9,-11,-12,0,19,12,-23,-13,-5,10,42,68,11,91,14,128,345,38,335,29,2,-17,-5,6,79,19,30,349,-11,-7,23,348,192,17,-30,-22,-39,55,39,22,32,-17,-29,-37,350,344,-19,8,-35,19,32,-13,-3,-10,-30,-41,4,3,-16,-37,351,347,-20,20,16,118,32,7,-15,-12,4,-6,-23,32,-3,-19,-19,15,-20,7,-27,2,5,-7,11,-25,11,-12,149,0,73,6,4,-22,31,54,-5,55,50,15,10,139,6,-15,-7,-8,-1,-3,6,-13,31,5,34,100,-9,-20,-10,12,-13,3,7,22,11,8,20,-10,345,11,8,-12
s17a1007,"=IF(C24>=0,C24/C$3*15+25,25-C24/C$4*15)",10408,345,-21,371,350,350,350,-24,0,-34,-13,-8,-20,-28,-5,58,-19,-69,2,-1,-1,-29,10,0,28,-9,1,-33,25,32,-21,36,-80,0,116,345,55,196,-6,18,-7,6,5,86,30,32,345,1,12,-16,345,-12,10,-27,-33,-87,58,67,4,22,4,-10,-25,345,345,-44,3,4,25,18,-25,30,27,1,-44,-9,-28,26,-13,345,345,15,-2,-2,-12,-24,-13,14,24,-4,-8,-7,17,-25,-8,22,-9,11,16,-37,13,22,-14,-6,-46,-19,-20,133,-2,85,2,28,-7,-16,25,-1,-13,11,38,13,-5,14,-37,23,21,3,-6,-13,-6,6,-29,43,8,5,25,-11,-22,-2,39,9,3,51,3,17,22,345,12,53,-6
s17a1008,"=IF(C25>=0,C25/C$3*15+25,25-C25/C$4*15)",-6007,345,-343,367,185,95,-190,-353,-337,13,-321,-190,-125,-185,-362,-341,-165,-371,-270,-323,-115,-6,4,-37,0,-181,-115,-51,-1,-177,-120,-24,55,-25,172,345,-25,-340,-338,-55,28,8,-17,-190,-40,-175,345,13,-259,8,345,5,-14,-150,-13,33,24,10,-17,13,-340,-10,3,345,345,28,-20,-210,-181,28,-1,-19,19,-14,-6,-22,16,185,0,345,345,0,-152,13,95,11,-20,38,4,-31,-41,-33,21,-345,6,3,-2,24,4,3,22,13,-283,6,-28,28,-39,-210,7,68,9,-19,7,7,3,28,52,120,48,-33,362,-6,7,10,57,-5,2,-62,0,-15,-11,-2,-10,16,10,36,32,168,95,-19,3,-360,28,0,80,345,-5,23,44
s17a1009,"=IF(C26>=0,C26/C$3*15+25,25-C26/C$4*15)",5512,344,-10,354,370,353,360,-348,-196,-29,-331,23,-26,-75,-322,-38,160,-345,-128,-94,-66,-24,20,23,184,0,23,11,0,8,116,-55,-85,15,178,343,-44,2,-318,-1,51,-21,-2,51,-92,-50,346,37,-230,-11,346,-359,38,4,19,-5,68,77,-8,37,-35,-71,-112,345,345,-28,16,18,3,-7,66,-16,-27,12,-2,-10,36,5,-13,344,345,-6,11,18,-67,14,23,-23,34,50,17,38,-6,-343,33,-38,28,13,-39,74,-7,-30,-318,30,-15,14,53,178,-19,88,61,21,-2,-73,52,18,-4,15,-8,3,326,30,-4,57,-77,4,-97,-10,-31,9,-27,33,136,-21,31,43,11,-138,-1,11,5,-35,21,25,79,346,14,43,-32
s17a1010,"=IF(C27>=0,C27/C$3*15+25,25-C27/C$4*15)",13179,370,-50,353,365,355,360,-212,-71,-48,-46,31,170,-50,-87,16,-95,-233,-25,0,73,-33,-7,33,115,-24,0,-8,2,-5,-41,68,-90,-42,53,370,100,340,-48,-52,39,3,44,75,134,-125,370,9,-98,5,370,57,-3,-85,-72,-156,40,365,0,14,-22,120,-27,370,370,-10,230,-56,-28,-9,-148,-5,-8,0,362,11,5,196,-59,370,370,-18,-24,-15,265,-11,2,-2,-15,8,-17,-58,-20,-18,-19,-4,-14,19,-7,16,-26,7,-66,5,-3,-11,43,103,-15,58,-10,-9,19,-31,8,13,-43,65,39,51,-74,-11,21,157,-18,0,6,3,3,-7,-22,-16,181,0,166,-16,0,-19,92,4,-10,174,-3,-3,142,370,13,154,83
s17a1011,"=IF(C28>=0,C28/C$3*15+25,25-C28/C$4*15)",10645,308,1,360,360,360,360,-71,5,14,23,4,-3,-8,-16,40,33,-46,-21,4,-10,18,8,3,30,-13,7,0,7,-43,8,25,36,-45,-5,341,29,197,-14,-22,0,7,0,0,-16,-26,286,-28,-18,-11,323,18,-2,-26,19,-2,11,-25,35,2,-3,-7,-2,339,342,-15,113,22,-20,40,-17,-16,-25,-15,-16,8,-16,23,11,325,318,-3,-3,-1,233,-5,18,11,2,-23,5,-23,-8,-19,3,13,-5,1,-14,7,-9,4,32,-18,17,19,29,44,18,28,17,-3,13,-16,10,34,-1,-7,0,4,2,-18,2,39,-4,30,-5,15,-11,3,22,12,-1,19,36,0,6,-32,40,-11,13,3,-7,-14,46,270,-29,21,-30
s17a1012,"=IF(C29>=0,C29/C$3*15+25,25-C29/C$4*15)",7060,358,-10,351,-17,371,371,-28,-28,-17,-39,-22,-17,-30,-44,-30,-45,-11,-32,0,53,5,33,-35,5,-6,-20,-26,0,-122,-12,-8,-1,10,55,357,-2,-37,11,2,-21,-11,6,55,-14,-97,348,11,-4,-1,352,-30,-9,1,10,-19,-10,6,11,18,-19,-27,-2,355,350,10,-43,-15,-31,-6,-16,5,-6,-11,219,0,10,-18,-4,350,351,-5,3,-4,-19,-25,-25,-13,7,5,-3,-12,-40,18,28,24,30,9,-3,-11,-15,15,-26,-18,-19,3,-30,20,7,-2,-28,22,-38,-18,-15,-24,-17,30,35,168,-26,6,7,-17,33,16,-23,-98,26,11,-5,5,-12,-39,-3,-8,-24,-23,-60,16,-2,2,-1,-20,-25,347,-9,-8,-48
s17a1013,"=IF(C30>=0,C30/C$3*15+25,25-C30/C$4*15)",-1431,182,-284,31,353,353,357,-331,-64,-86,-273,-243,-290,-82,-133,19,-144,-310,-155,0,220,10,28,-34,182,-5,4,46,47,0,44,-14,-59,1,-6,183,-135,-4,-183,84,7,-11,22,-48,177,-9,177,31,-121,0,183,-37,-28,-2,-64,-149,-135,91,-13,-2,-147,126,-49,176,183,-32,346,-73,7,-38,124,-14,14,9,4,-2,24,105,-264,181,182,2,37,-22,172,21,-3,0,6,-9,-9,-40,20,-258,-16,2,1,10,27,-18,2,30,-292,-21,20,-11,129,111,17,-3,16,1,-48,31,-1,-9,-83,42,27,-198,4,14,11,-180,-91,-15,-48,9,19,-189,-9,-19,0,-21,-162,16,1,45,-85,-1,18,-127,0,-10,-174,178,-16,-165,108
s17a1016,"=IF(C31>=0,C31/C$3*15+25,25-C31/C$4*15)",1937,365,-294,360,370,365,360,-287,-122,-49,-70,-196,-161,17,-241,-126,-70,-277,-97,2,-175,-16,-27,29,120,-116,37,-20,6,-44,0,-47,-125,-103,-35,365,-17,-72,-126,2,-23,-34,22,160,80,-6,365,-35,-60,3,365,96,-25,-3,-36,-128,42,-7,-2,-123,-84,125,-112,365,365,-9,277,-58,-21,-48,3,-13,-12,7,5,23,2,-85,-244,365,365,-107,-27,-18,105,8,-8,2,23,-6,-29,-46,21,-304,-4,4,13,-61,-139,-15,18,34,-148,8,-19,11,89,169,-6,128,-7,27,-37,-80,24,2,0,137,23,52,334,-19,19,-170,-112,-10,-74,-12,31,33,-29,8,13,20,-185,-19,-32,-41,-62,21,12,-56,6,5,-150,365,20,-184,87
s17a1017,"=IF(C32>=0,C32/C$3*15+25,25-C32/C$4*15)",2803,144,-51,368,355,355,360,-105,-27,-50,-45,-34,-11,7,-61,41,50,-104,-11,-52,59,39,-12,-48,16,61,-50,-75,16,32,67,0,42,37,115,144,53,-13,-14,7,33,25,6,45,-10,79,-72,-2,-45,18,-72,-10,25,-7,-21,25,30,-28,12,81,-30,-57,62,-72,-72,-11,32,-6,15,-14,27,25,17,14,-12,8,-8,-11,35,-72,-72,-5,-19,-13,-175,-22,7,6,4,6,12,3,-10,-9,5,12,-4,4,1,2,4,-17,-85,-2,-37,6,-34,148,3,-17,-27,8,-4,23,9,12,-1,7,6,64,77,29,-3,-4,-45,-33,-116,-15,20,-49,7,9,68,32,4,-24,11,33,41,26,3,43,-15,-3,0,144,-1,5,-133
s17a1019,"=IF(C33>=0,C33/C$3*15+25,25-C33/C$4*15)",10177,345,-139,355,355,355,370,-352,-58,-13,-116,75,40,-60,-204,88,-50,-314,-60,-31,5,44,61,57,-55,83,90,-37,6,58,125,-53,0,29,-70,345,-75,-75,-250,20,66,-16,6,40,150,20,345,73,-242,-14,345,35,80,160,68,-54,88,75,-17,106,-41,-175,8,345,345,22,36,23,-22,94,68,14,0,33,335,-3,-17,-5,113,345,345,15,4,28,-10,24,40,-4,58,62,86,-6,3,-284,-17,31,-1,-15,54,47,6,5,-262,34,-27,62,-26,188,-3,94,52,-7,22,55,59,51,42,40,-52,-23,110,33,-3,83,32,-14,-27,33,-10,-47,9,18,135,43,76,14,26,-81,-15,18,36,-40,88,49,70,345,82,84,-110
s17a1020,"=IF(C34>=0,C34/C$3*15+25,25-C34/C$4*15)",7590,340,-84,367,360,360,360,-149,-30,-53,-128,-14,29,-41,-86,-149,-75,-157,-62,-113,0,3,7,3,17,-45,48,10,24,-4,124,-14,-28,0,80,340,1,15,-78,93,15,7,17,43,90,5,340,-4,-54,-12,340,25,-2,-2,-2,-75,20,28,3,59,-36,-5,-13,340,340,-32,-52,-69,5,-20,65,7,6,11,37,-32,-11,4,-125,340,340,37,-1,-9,92,10,-14,-16,38,3,-33,-37,-19,-113,-27,10,-9,-25,-1,43,12,25,-95,-14,-58,15,32,84,-29,86,35,8,-11,-4,35,9,-34,2,58,41,336,4,10,-86,-97,-1,-86,7,8,-2,-30,25,-8,-7,-52,26,-10,-25,-48,6,-13,160,2,-5,6,340,7,-65,8
s17a1021,"=IF(C35>=0,C35/C$3*15+25,25-C35/C$4*15)",-22848,-185,-301,-177,359,357,358,-347,-151,-85,-248,132,143,-156,-213,-156,101,-321,-148,-140,215,-170,-123,-114,-175,-179,-38,12,-3,11,34,-114,-4,-80,0,-179,-92,8,-125,42,-166,-164,-87,-83,-45,-27,-182,-174,-156,0,-179,-4,-108,164,-176,-150,-181,-178,-5,-166,-181,-96,-180,-183,-173,38,88,-73,13,-69,-164,-5,-23,11,-102,2,-5,-173,-167,-183,-184,-183,67,-79,-180,-93,-122,10,-107,-106,-107,-123,-142,-219,1,-48,-83,-143,-102,-107,-2,-29,-147,-107,-34,-98,110,120,-11,-16,-99,23,-117,-72,-107,-110,-92,-128,-20,-71,-81,-107,-2,-169,-143,-6,-159,-55,5,-8,3,-114,-170,-106,-172,-111,5,-139,1,7,-75,-83,-107,-104,-171,-177,-113,-168,5
s17a1024,"=IF(C36>=0,C36/C$3*15+25,25-C36/C$4*15)",-59905,0,-368,9,360,360,360,-360,-343,-367,-375,-355,-375,-375,-358,-373,-350,-374,-325,-335,10,-99,-346,-345,-345,-344,-370,-302,-354,-185,-365,-144,-345,-340,178,0,-350,-255,-344,-110,-371,-358,-10,180,-345,-170,0,-358,-346,25,0,-375,-347,-370,-359,-352,-323,15,24,-365,-350,-10,-343,0,0,5,-346,-370,-86,-355,-355,-7,-4,6,1,7,-2,-375,-350,0,0,-360,10,-346,-375,-4,-359,-5,-350,-347,-346,-343,-47,-344,-29,-9,5,-349,-348,-375,30,3,-350,-353,-374,-362,-81,229,-14,134,-375,15,-348,-349,-345,-355,-353,10,-85,174,-15,-357,-310,-352,-207,-19,-338,-195,-2,-347,-24,-348,-360,-353,-354,-346,-9,-368,-180,1,-18,-340,-345,-355,-350,0,-347,-351,-17
s17a1025,"=IF(C37>=0,C37/C$3*15+25,25-C37/C$4*15)",5841,350,-51,365,360,365,350,-283,-71,-33,-121,-50,35,-15,-85,-85,-50,-271,-90,-68,-120,-10,-15,-28,25,69,-100,-21,-23,-29,65,-56,75,-6,65,350,0,-5,-96,5,-13,-13,10,30,5,-155,350,8,-72,-6,350,30,14,-10,2,6,33,-14,-8,105,-73,-135,-6,350,350,-12,16,-36,4,34,63,1,-27,11,7,2,-31,-70,-15,350,350,-130,-36,-5,45,-14,-15,13,-14,2,-8,17,21,-93,10,2,13,-60,-36,-27,-17,21,-56,-25,-31,16,-35,79,2,87,-14,1,32,-21,22,2,0,31,102,43,362,14,-31,-10,-81,-22,-39,-49,27,16,-3,-15,130,27,-37,-4,-20,-8,-80,26,5,-60,12,8,-65,350,5,-27,-9
s17a1027,"=IF(C38>=0,C38/C$3*15+25,25-C38/C$4*15)",-6596,255,-345,248,360,360,360,-298,-201,-91,-368,-345,-360,97,-361,-250,-105,-367,10,41,5,1,-333,-234,340,-1,-337,-281,38,-4,76,3,75,-15,72,255,5,0,-236,-5,28,-2,-10,75,-160,0,255,33,-211,-5,255,-145,15,0,-137,-89,-87,6,15,-5,-27,120,129,255,255,-6,0,-196,12,-67,144,-3,17,-33,4,8,-20,195,-40,255,255,125,8,-173,270,1,24,-24,-1,0,-207,-336,-54,-347,-32,-6,42,-337,40,14,-4,30,-353,-197,-17,9,41,162,-10,70,41,-19,47,11,29,-3,-7,-8,65,27,19,19,-12,-278,24,10,2,60,-12,-333,-18,21,5,23,-306,16,-9,-31,-200,-18,-7,130,12,15,-345,255,-7,-287,-106
s17a1028,"=IF(C39>=0,C39/C$3*15+25,25-C39/C$4*15)",23966,335,-1,365,364,367,358,-19,-8,14,-11,37,3,66,-19,87,262,5,-20,72,229,11,-17,8,320,310,78,6,6,177,92,-23,226,57,145,337,78,199,0,21,58,64,25,190,165,227,342,55,62,-4,339,48,17,82,12,246,96,225,-21,81,58,26,264,338,341,13,-15,4,166,17,189,5,27,8,136,22,6,162,183,344,337,126,6,-6,110,-8,10,8,-9,-5,-13,28,57,-28,19,11,17,-15,7,17,-10,14,4,0,13,8,60,82,7,71,9,-14,8,32,11,28,72,119,66,103,274,-11,-15,58,32,-28,60,2,-2,36,-5,29,74,27,55,27,13,256,209,10,10,37,7,-10,23,338,18,19,82
s17a1029,"=IF(C40>=0,C40/C$3*15+25,25-C40/C$4*15)",1181,110,13,135,-40,-40,-40,-36,-31,-4,-68,0,40,-15,-44,65,-25,-92,-5,24,150,-3,-19,-36,55,3,62,15,7,-88,6,-10,-20,-90,-56,110,-5,5,-20,0,15,13,19,-50,45,-75,110,-24,1,-1,110,30,-1,-60,25,24,14,72,3,-58,-31,115,2,110,110,4,-11,-8,-77,-18,18,6,-25,4,18,-19,26,115,8,110,110,28,22,9,40,39,-30,6,3,11,-7,-58,23,-47,-26,-13,5,-17,-30,23,-32,18,-13,-14,-7,-4,12,-40,11,-24,25,0,-55,-37,11,-10,-47,23,-2,0,-1,-33,11,-4,-33,-7,-65,8,-21,-2,-11,-15,35,-13,14,14,-22,-8,-60,-7,-19,-35,3,-5,-15,110,-4,-29,74
s17a1032,"=IF(C41>=0,C41/C$3*15+25,25-C41/C$4*15)",9908,372,-21,363,360,360,360,-57,-4,-69,-29,-28,-24,-10,-26,31,-82,-73,-19,-21,-27,1,40,33,-8,-46,-11,-4,2,0,17,-5,-80,-30,168,372,-8,-19,-45,-12,0,-25,30,95,-32,11,365,15,-28,2,371,-11,38,-7,2,-63,57,14,5,89,-13,-10,-23,370,372,17,5,-10,4,-15,23,-4,-3,23,-10,-2,10,22,-36,369,370,31,-17,0,-9,32,-3,-1,6,20,15,-21,22,-40,2,33,-7,21,-37,-3,-16,-10,-43,-2,-23,15,4,162,-29,98,-10,26,-33,-3,35,13,-9,27,46,23,226,12,-5,-20,22,-22,-28,56,7,15,5,22,76,-11,-28,13,-10,-15,-35,1,-7,22,-9,18,-6,370,11,-20,-44
s17a1034,"=IF(C42>=0,C42/C$3*15+25,25-C42/C$4*15)",10768,358,19,349,348,353,352,-81,-1,-5,-21,-13,-47,6,-30,31,-24,-62,8,-20,16,-2,-23,25,-28,26,-6,-1,-20,-33,22,-13,28,4,163,353,23,0,-65,-7,3,0,18,89,35,-7,360,-13,-26,5,359,-19,4,11,5,-6,85,28,-1,101,-31,12,49,354,356,-14,26,-31,-18,-4,28,-4,1,-10,153,-3,13,16,-35,355,356,3,-4,-8,-10,8,17,23,13,-11,11,4,1,-52,-2,-1,3,-2,10,13,-4,-1,-8,14,-9,24,-15,211,-12,92,-7,2,7,-6,-18,13,-15,36,110,-11,220,-13,1,-21,-23,-39,1,18,17,17,1,2,31,-4,-14,-15,0,-22,-33,28,19,7,22,-6,-28,349,21,-40,-17
s17a1035,"=IF(C43>=0,C43/C$3*15+25,25-C43/C$4*15)",1411,-3,-35,37,360,360,360,0,-3,-25,-32,-4,-29,-15,-27,-27,-7,-45,17,-2,-13,-15,-19,-10,-8,16,-20,-8,-1,-11,-15,-11,-34,44,89,-30,-3,-38,-4,28,-21,16,0,75,28,-24,-16,-10,21,13,-10,-31,5,-3,-35,-38,-41,-3,34,1,-20,-24,-11,6,-40,1,4,20,7,7,6,15,-20,-16,-28,-14,27,-1,-6,-14,-26,-2,16,8,-15,-4,-5,10,5,-1,-3,-4,21,-19,3,5,7,-23,11,-14,16,12,5,6,-16,-19,-7,96,5,60,-22,-17,-9,3,12,-15,7,9,22,44,-27,24,9,13,-20,3,-23,-12,-7,-36,29,17,7,-7,-23,-15,22,-3,-8,22,-8,7,23,-6,7,16,-21,-14,-1
s17a1037,"=IF(C44>=0,C44/C$3*15+25,25-C44/C$4*15)",-18840,-180,-176,-172,360,360,360,-350,-117,-69,-204,115,-95,-120,-219,-69,-45,-361,-170,-156,250,-109,-98,-74,190,-51,-64,15,-57,44,-160,-44,-40,-36,77,-180,-30,-75,-188,50,-90,-113,-67,0,-80,10,-180,-83,-200,-6,-180,15,-85,-150,-65,-67,-133,-102,-8,-129,-218,-150,-114,-180,-180,-14,-64,-90,31,-71,-85,17,7,7,-33,11,3,-65,-82,-180,-180,-130,100,-49,-150,-80,-65,-18,-81,-78,-60,-54,-99,-239,1,-3,-65,-86,-70,-99,-15,-71,-236,-74,-30,-91,-71,157,-7,-34,-100,3,-84,-113,-103,-80,-93,-77,-43,-165,113,-90,-13,-80,-110,-16,-113,-87,20,-54,-6,-80,0,-58,-80,-69,10,-62,0,30,-61,-45,-94,-80,-120,-180,-89,-85,4
s17a1038,"=IF(C45>=0,C45/C$3*15+25,25-C45/C$4*15)",2546,345,-322,362,370,365,360,-289,-309,19,-284,70,-10,-90,-281,-109,-80,-343,-135,-92,40,-7,-38,-5,40,92,-136,17,-1,-178,-86,-9,-150,-90,43,345,-5,160,-209,-45,5,25,0,80,0,-90,345,-36,-183,-7,345,175,11,-90,-1,33,-2,68,1,24,-58,75,96,345,345,14,-18,-75,-172,-33,-17,-8,-18,-27,-14,9,-2,-125,-39,345,345,-55,-19,-5,90,6,-10,7,1,-4,-2,-57,43,-154,7,-22,20,-54,-50,28,-17,-1,15,-10,-17,-10,5,106,1,63,-8,29,33,-58,10,-10,-18,-44,39,9,-3,5,15,43,8,8,-99,-53,-6,-14,18,10,0,-10,-14,8,-1,-99,190,-15,33,-190,2,12,90,345,-4,76,-57
s17a1039,"=IF(C46>=0,C46/C$3*15+25,25-C46/C$4*15)",875,170,-179,53,355,370,375,-350,-24,-47,-198,-120,-35,-60,-250,-215,-115,-330,-105,-24,360,-22,-2,-17,175,50,125,23,54,2,18,-66,-20,-5,29,170,155,0,-206,75,-4,-24,-21,-10,90,0,170,-9,-161,-47,170,-90,-9,0,-30,-112,-117,69,17,0,-75,130,50,170,170,1,324,-20,-9,-19,119,10,7,-12,180,-8,12,-40,-114,170,170,-15,-17,-17,180,9,3,12,-16,-8,-8,-171,-2,-269,2,-33,-49,-18,51,-5,44,9,-249,7,14,11,145,199,17,35,3,-1,-15,-1,-19,-21,-114,35,24,-21,52,-11,4,-203,-51,6,3,15,8,-33,14,-11,-15,10,-199,-8,0,-25,-185,12,-8,-35,17,-6,-195,170,24,-205,143
s17a1040,"=IF(C47>=0,C47/C$3*15+25,25-C47/C$4*15)",-59716,0,-373,10,360,360,360,-360,-342,-355,-375,-355,-375,-375,-357,-371,-350,-373,-325,-335,10,-108,-349,-345,-345,-347,-370,-338,-363,-180,-365,-36,-345,-340,174,0,-350,-255,-339,-110,-367,-347,19,180,-345,-170,0,-355,-353,-2,0,-375,-351,-370,-345,-353,-120,15,29,-365,-359,-10,-343,0,0,10,-350,-367,-75,-353,-345,11,9,-27,-24,-16,-3,-375,-353,0,0,-360,-7,-354,-375,11,-351,10,-352,-351,-346,-351,-139,-354,24,-20,15,-341,-352,-375,11,-13,-337,-362,-374,-351,-102,229,29,116,-375,-9,-347,-347,-355,-361,-353,12,-85,174,-15,-344,-314,-360,-230,9,-339,-195,-37,-345,13,-350,-360,-348,-345,-345,2,-368,-180,28,7,-340,-347,-339,-350,0,-363,-357,-59
s17a1043,"=IF(C48>=0,C48/C$3*15+25,25-C48/C$4*15)",9552,352,-23,369,360,360,360,-102,8,-29,-63,-34,-38,-33,-28,15,-44,-104,-6,7,31,4,6,1,-1,-37,-28,-16,-14,-18,21,-11,-83,5,182,353,49,-12,-34,25,-4,1,-24,74,61,4,353,0,-44,-9,352,-37,18,2,-24,-68,56,51,-29,112,-17,-54,-56,359,354,12,-1,-18,22,-3,-17,9,-11,-3,-14,5,-17,14,-44,356,359,5,-35,6,-22,-19,-4,-8,-2,31,-12,11,8,-26,-7,-12,18,7,-5,40,13,-5,-48,2,-49,31,-13,197,-19,104,19,5,-14,5,2,11,-21,-9,18,19,132,-11,-18,-23,-18,12,10,41,2,-11,20,3,60,-5,-23,-20,13,-18,4,29,21,14,-12,26,-1,353,30,-17,-23
s17a1044,"=IF(C49>=0,C49/C$3*15+25,25-C49/C$4*15)",20405,344,11,362,361,350,358,-56,-28,6,-14,79,36,29,-16,68,230,9,-21,27,293,6,14,4,246,248,76,7,31,168,74,117,236,58,160,353,69,210,-32,-41,-5,41,-34,179,251,175,349,29,0,2,347,-3,-68,42,-17,213,44,239,-16,68,0,141,222,348,341,4,13,24,121,29,70,-34,2,-14,66,-3,13,61,136,349,349,58,18,-13,129,-22,0,-12,-13,-21,0,-41,68,-18,6,26,-28,19,6,25,-12,8,8,-6,12,5,3,94,-18,71,-16,-16,20,30,15,24,-14,201,24,105,213,5,-13,54,20,11,66,-32,-11,-15,0,-2,73,-6,46,-50,-9,246,166,-18,-5,13,-13,-1,38,346,-59,-31,88
s17a1046,"=IF(C50>=0,C50/C$3*15+25,25-C50/C$4*15)",299,17,15,9,20,-3,-5,-16,-2,6,2,-30,-4,-24,0,-9,5,20,-10,-3,24,-26,0,5,3,-6,21,-17,-21,-7,-16,7,-17,7,-3,28,-8,1,34,-21,30,-4,0,-12,-1,-5,20,23,7,0,-6,-14,-17,2,9,-8,-25,21,-35,-37,-7,22,-16,16,-17,17,-7,-12,8,14,-5,-1,-30,16,23,42,18,3,-11,10,-21,-2,0,6,11,11,-8,12,39,-10,-6,-3,2,-6,17,1,36,8,40,-14,-2,10,9,3,7,-22,19,3,-2,-15,-24,22,6,-18,-34,-11,-21,2,8,4,2,18,-16,-32,17,-2,34,-9,-14,-15,5,19,18,7,-18,3,-12,25,-29,18,-6,15,19,-11,-13,-4,2,-4,5
s17a1047,"=IF(C51>=0,C51/C$3*15+25,25-C51/C$4*15)",-59852,0,-366,10,360,360,360,-360,-343,-354,-375,-355,-375,-375,-360,-343,-350,-375,-325,-335,10,-119,-341,-345,-345,-345,-370,-338,-353,-180,-365,-144,-345,-340,189,0,-350,-255,-343,-110,-369,-350,4,180,-345,-170,0,-350,-351,4,0,-375,-361,-370,-358,-352,-244,15,-25,-365,-360,-10,-355,0,0,-21,-334,-370,-157,-349,-350,-28,18,-17,-18,-10,18,-375,-353,0,0,-360,-8,-347,-375,22,-346,-19,-351,-357,-358,-350,29,-350,30,-1,-17,-348,-359,-375,4,-23,-350,-353,-375,-360,-97,233,-28,28,-375,2,-348,-347,-354,-359,-356,10,-85,171,-15,-356,-297,-354,-230,11,-343,-195,9,-352,-13,-360,-360,-341,-359,-354,11,-366,-180,20,10,-340,-358,-349,-350,0,-348,-353,-35
s17a1048,"=IF(C52>=0,C52/C$3*15+25,25-C52/C$4*15)",1181,375,-339,367,360,350,355,-153,-3,-41,-368,-285,-285,34,-16,27,-85,-303,-75,-34,365,11,-189,-18,-5,362,-20,-27,38,38,-76,13,-35,-18,10,375,-30,145,-82,-30,28,19,10,-15,-175,90,375,30,-32,-9,375,0,-3,-175,-14,91,-85,-11,-12,13,-43,70,7,375,375,2,37,-69,39,5,-3,1,-4,8,-16,21,18,0,-107,375,375,-75,-10,-170,-5,-30,16,-14,-15,-7,25,-338,26,-173,10,-25,18,-161,1,4,-17,-4,-311,-10,-49,-5,-20,46,-3,22,-17,-18,-2,-49,15,7,-1,-59,62,-33,21,0,11,-169,-128,20,-5,-66,39,-347,2,1,195,30,-175,13,9,-48,-115,-10,6,-80,-15,26,-165,375,12,-169,-110
s17a1049,"=IF(C53>=0,C53/C$3*15+25,25-C53/C$4*15)",9445,349,-33,351,360,359,363,-38,24,-1,23,-28,-18,-11,-19,-5,-38,-25,-10,18,-13,-22,3,1,-27,-31,-1,-6,-4,-12,-12,-12,-60,-16,87,345,-4,-4,-10,1,-29,-20,-22,77,-22,-16,362,-16,20,-13,350,-8,0,-34,-38,-44,40,27,25,44,-14,-5,-39,361,358,8,-18,31,8,9,-12,11,-4,11,53,5,26,-25,-9,351,353,34,7,1,-30,8,-13,4,-12,0,1,-31,-3,-11,-33,-14,-15,-16,-6,5,-7,-21,7,9,2,12,26,104,-25,60,-4,-16,9,25,1,4,-29,16,10,42,176,-26,-8,-21,-12,-28,1,14,-9,-11,-12,1,3,14,5,1,2,-18,-4,13,-28,17,11,-18,-26,355,-4,-25,0
s17a1050,"=IF(C54>=0,C54/C$3*15+25,25-C54/C$4*15)",10719,370,-35,364,365,355,360,-291,-27,-33,-45,45,-20,-5,-104,27,-105,-290,-80,-136,-40,-20,-12,31,150,-36,85,1,19,4,17,28,-160,8,-169,370,10,0,-97,60,33,-14,53,150,90,0,370,20,-50,36,370,175,12,0,-26,-157,19,365,22,-5,-68,85,10,370,370,14,321,-16,-8,-17,109,-10,-20,-10,365,19,5,175,-91,370,370,5,-33,-17,-110,9,-3,-1,-39,11,15,-56,30,-89,5,-2,19,33,110,14,1,16,-97,29,2,-9,71,123,-12,117,-6,-4,-18,80,2,-19,53,-40,71,-121,76,-7,-17,-4,7,-7,-196,27,-12,-4,2,14,0,14,11,7,-6,-58,-90,5,7,90,19,15,60,370,-5,6,142
s17a1051,"=IF(C55>=0,C55/C$3*15+25,25-C55/C$4*15)",13951,355,55,354,362,358,363,-54,2,-23,-27,-6,-26,-55,-28,24,-37,-64,-18,17,-14,-3,14,37,10,-28,77,7,-2,60,51,13,-66,23,165,350,5,110,4,-17,6,-3,4,60,20,21,360,20,-36,-15,351,-25,33,13,0,-50,45,19,20,121,3,25,-37,359,357,-18,-6,69,60,31,-10,-2,15,1,139,16,14,63,-32,350,353,19,-37,16,129,23,2,-17,50,26,27,29,27,-23,-2,-12,40,48,-3,35,-1,20,-34,22,-16,38,-6,168,4,66,18,-23,-4,34,21,17,28,21,16,2,70,-8,13,51,21,8,5,25,-22,21,24,40,74,-1,72,19,-28,-41,8,0,31,-19,27,31,68,359,29,49,-6
s17a1052,"=IF(C56>=0,C56/C$3*15+25,25-C56/C$4*15)",12388,355,-130,369,353,353,351,-317,-26,5,-150,-54,37,-65,-117,-55,4,-310,-33,-71,-110,-6,53,47,-32,9,162,11,22,148,118,-32,61,64,150,353,-18,92,-253,-26,88,7,35,67,-34,115,353,78,-252,-8,357,-25,75,155,76,0,94,72,-5,140,-40,136,10,355,349,-6,8,-24,144,-1,75,-3,26,3,-5,-8,-5,0,-32,354,358,1,-38,44,4,28,-6,0,53,70,75,73,-16,-267,-12,24,24,63,10,30,17,17,-139,77,16,43,-8,195,4,24,42,-30,12,26,64,36,16,36,88,25,188,27,2,55,32,8,-90,43,8,51,14,69,143,13,66,8,-6,-56,62,-7,37,51,50,47,85,359,65,41,-65
s17a1053,"=IF(C57>=0,C57/C$3*15+25,25-C57/C$4*15)",1779,145,-91,69,362,352,358,-135,-45,-45,-52,-76,-50,-22,-11,10,-79,-121,-27,-32,-14,-63,-49,-30,-18,-78,-27,13,-15,114,-31,-13,-99,-45,187,142,-46,92,-91,-25,-46,-72,33,133,6,119,279,-60,-62,26,339,72,-44,-15,-63,-89,0,-3,-16,5,-44,33,-87,61,220,10,-29,-65,41,7,-34,-34,-9,-3,73,-7,23,-21,-81,150,367,-35,-33,-12,-43,2,-39,25,-23,-24,-41,-35,49,-127,1,20,30,-43,-51,-30,-12,-11,-90,-38,-35,-34,-7,252,-6,130,-47,16,-42,-79,-17,-30,-42,51,-19,86,22,-56,29,-65,-6,10,-35,150,-15,-48,25,-10,-22,-51,-54,-59,-12,-57,-76,-31,24,-15,-32,-30,-98,220,-32,-80,-27
s17a1055,"=IF(C58>=0,C58/C$3*15+25,25-C58/C$4*15)",-5133,-15,-121,371,360,360,360,-324,-84,-160,-151,-7,-70,-5,-45,8,55,-317,-56,-6,-10,-55,-47,-56,-10,-74,-365,42,-12,-97,-2,45,-75,-40,185,-15,8,11,-228,-87,7,-22,-30,106,-79,-81,-15,-56,-255,-32,-15,-39,-22,-365,-22,-76,3,0,20,-17,-80,-5,-76,-15,-15,7,15,22,9,40,-44,-3,21,6,0,-33,5,75,-1,-15,-15,-64,-15,8,-12,11,-25,-4,-29,-8,-17,-44,34,-85,2,-17,18,-45,-98,2,4,10,-102,-67,26,-8,-53,222,17,137,-1,14,-25,-171,-18,-24,-25,-24,-92,116,10,-33,-16,-37,45,22,-109,162,24,-18,3,-30,16,1,-42,-12,-7,-53,-4,2,35,34,-20,-19,-34,-15,-21,-40,-6
s17a1056,"=IF(C59>=0,C59/C$3*15+25,25-C59/C$4*15)",-442,-4,5,22,-16,14,-11,-10,-14,2,2,1,2,2,-15,0,25,39,5,-14,17,-26,-5,-25,10,-22,-4,12,-8,7,0,18,4,-46,8,-24,-3,-23,-4,-15,-18,-13,22,19,-2,-24,35,-25,-15,-1,-20,-41,18,14,12,-18,1,-4,0,6,13,12,-27,21,13,-9,2,-16,-16,-36,-25,2,2,-28,9,36,18,5,8,-18,20,-16,-6,34,-24,14,14,-28,9,-7,-36,-18,6,5,-15,-14,14,-1,14,17,22,-10,-48,0,26,-20,-25,-6,44,5,-27,4,6,23,-17,-6,4,-17,2,-7,-11,-8,-7,3,-9,-28,-18,-13,18,-3,1,0,11,-5,-2,-18,-2,-17,-14,-34,19,-1,11,-27,10,1,19,-4,18
s17a1057,"=IF(C60>=0,C60/C$3*15+25,25-C60/C$4*15)",2418,365,-15,365,350,365,365,-123,-62,-102,-93,92,75,-78,-97,-77,-35,-122,-92,-77,108,-117,-69,-3,60,-108,-25,6,-6,6,114,-102,-79,-63,175,365,-82,5,-69,65,-122,-124,3,129,-14,0,365,-119,-79,-16,365,0,-46,4,-109,-126,1,16,-15,0,-70,74,-127,365,365,-21,-28,-48,0,-31,47,6,25,32,-6,20,-19,-67,-157,359,365,-43,23,8,-122,-26,-52,-1,-30,-8,-37,-40,-44,-70,-23,-6,1,-71,-26,-7,-22,-25,-77,-24,-34,-30,-16,127,-12,113,-15,-28,-83,-3,-11,-15,-46,-73,8,7,127,-93,-10,-123,-62,-21,-66,20,-9,21,-13,-39,0,-66,-123,-72,-17,-99,-5,12,-18,190,-44,-31,-112,365,-29,-137,-29
s17a1058,"=IF(C61>=0,C61/C$3*15+25,25-C61/C$4*15)",17204,359,-30,342,374,373,375,-106,-3,-16,-26,23,27,-7,-19,48,-48,-59,-70,-34,110,-10,-5,-2,351,36,-3,49,35,153,83,11,47,43,176,354,81,246,-43,31,16,0,32,216,66,114,366,-1,-11,23,354,75,25,45,-29,91,60,73,-44,41,0,52,315,350,368,17,-28,44,127,14,111,-13,14,-22,69,1,-7,22,19,363,363,55,56,6,119,13,7,-13,-5,-33,-20,-25,13,-28,35,9,18,-12,14,27,-1,5,-38,8,-11,22,45,254,17,155,6,-19,33,8,16,19,-14,24,82,77,87,31,37,-30,-12,-12,-5,40,-18,-48,-13,25,64,12,-14,-1,-31,118,107,12,-2,36,2,14,-34,360,14,-8,123
s17a1059,"=IF(C62>=0,C62/C$3*15+25,25-C62/C$4*15)",-2170,10,-337,3,370,360,365,-335,-164,-7,-330,30,-70,-15,-317,10,-75,-317,-55,-103,-60,-62,37,29,10,72,-120,3,40,-126,-125,73,175,3,146,10,135,-120,-2,-115,22,-7,22,150,-75,-130,10,-1,-127,-18,10,-70,-15,-85,-12,-129,-39,5,-22,-79,35,0,74,10,10,13,53,14,-113,-7,-149,14,-1,16,-8,27,26,10,-54,10,10,165,8,-26,0,0,15,-55,-9,21,-15,-210,-8,-13,-3,11,-16,51,5,-8,20,18,-84,-6,-38,13,-38,175,-26,41,21,-11,9,-4,14,22,-7,-28,-54,130,-120,-15,-35,48,35,-11,-75,-21,-17,22,-12,6,375,19,47,21,-9,0,0,6,7,20,0,19,95,10,-16,62,78
s17a1060,"=IF(C63>=0,C63/C$3*15+25,25-C63/C$4*15)",6628,348,-53,358,362,355,345,-347,-246,-9,-234,-34,-23,-73,-123,-109,170,-301,-320,-44,6,-26,41,23,186,3,11,-19,30,18,111,-40,-8,14,164,360,7,7,-273,-19,64,-28,7,136,-160,7,354,36,-260,1,348,-2,47,-27,20,-7,79,75,-17,82,-298,-74,0,343,345,-21,50,-8,-8,12,69,23,40,32,81,-30,11,-3,-11,344,347,-5,-19,9,-10,25,31,3,60,47,12,38,-5,-176,5,-1,19,31,-2,11,15,6,-290,10,-43,21,33,205,19,93,12,-11,26,15,36,27,-4,-35,64,-91,252,37,-10,39,-141,12,-112,38,15,7,-8,42,95,6,42,23,-15,-132,-38,13,-12,21,19,19,70,359,53,53,-64
s17a1061,"=IF(C64>=0,C64/C$3*15+25,25-C64/C$4*15)",-58822,0,-373,10,360,360,360,-358,-344,-356,-375,-355,-375,-375,-357,-344,-350,-375,-325,-335,10,-97,-353,-345,-345,-345,-370,-333,-361,-185,-365,72,-345,-340,178,0,-350,-255,-338,-110,-370,-356,29,180,-345,-170,0,-354,-347,18,0,-375,-352,-370,-358,-352,-149,15,7,-359,-351,-10,-349,0,0,30,-345,-370,-131,-357,-359,-16,-13,-5,-41,19,-14,-375,-345,0,0,-360,22,-346,-375,33,-346,-19,-353,-348,-365,-340,-117,-342,4,-12,29,-349,-357,-375,18,-14,-343,-349,-374,-344,-74,255,27,119,-375,12,-345,-351,-348,-353,-355,12,-85,179,-15,-352,-310,-348,-118,-8,-346,-195,10,-350,-15,-364,-360,-353,-356,-349,-25,-368,-180,3,-20,-340,-349,-353,-350,0,-343,-353,-65
s17a1062,"=IF(C65>=0,C65/C$3*15+25,25-C65/C$4*15)",-59136,0,-375,8,360,360,360,-367,-345,-354,-375,-355,-375,-375,-359,-343,-350,-375,-325,-335,10,-115,-348,-345,-345,-348,-370,-330,-348,-183,-365,72,-345,-340,176,0,-350,-255,-347,-110,-369,-360,20,180,-345,-170,0,-352,-351,-35,0,-375,-353,-370,-353,-354,-151,15,11,-365,-359,-10,-353,0,0,2,-348,-364,-130,-349,-346,34,12,17,13,-7,5,-375,-336,0,0,-360,14,-337,-375,6,-349,13,-345,-342,-343,-345,-125,-351,5,3,0,-347,-343,-375,-37,-3,-334,-348,-375,-346,-76,229,3,131,-375,11,-350,-347,-350,-363,-353,13,-85,175,-15,-342,-318,-367,-230,18,-355,-195,-5,-354,-7,-347,-360,-353,-351,-344,24,-366,-180,-13,18,-340,-347,-353,-350,0,-349,-354,-52
s17a1063,"=IF(C66>=0,C66/C$3*15+25,25-C66/C$4*15)",-125,19,5,35,4,-1,-18,-28,1,-5,6,-39,3,12,-20,-23,11,-21,0,12,4,27,-20,31,9,6,26,0,6,-11,-7,-5,8,18,14,24,17,-12,17,2,9,3,12,15,-9,-43,19,-17,1,-7,-13,-9,28,43,-2,-26,19,12,-2,7,25,-9,-14,-19,2,0,17,34,-11,11,-37,-10,19,0,22,4,-23,-7,-3,22,-2,-29,-27,27,-3,-23,-29,15,0,8,-27,-8,-1,5,-6,21,-20,-10,-25,11,-14,24,24,-38,16,2,-18,-26,-27,9,31,18,5,-12,-17,-3,-2,-3,-41,7,9,45,-5,-12,-9,20,-13,-2,22,-3,2,-15,15,32,-6,-13,-23,20,8,-21,-3,-4,-2,-13,-26,-31,-6,3,-7
s17a1064,"=IF(C67>=0,C67/C$3*15+25,25-C67/C$4*15)",3392,349,19,350,354,352,351,-34,-11,-12,-4,-4,-4,-85,-34,-10,-19,1,13,-3,-2,-24,-23,-18,12,1,-198,-90,3,-345,-314,-11,-24,26,-198,348,-45,-20,24,7,17,-12,2,68,-21,-314,335,-13,-20,-24,341,-4,-12,-284,-24,-43,35,19,5,-25,-249,-32,-12,355,334,-2,0,8,-346,18,-7,-11,-14,-12,55,-57,-5,0,-56,340,346,-32,-2,15,6,-3,-9,15,-44,16,-52,20,-33,-9,12,13,3,10,7,0,4,0,7,-39,25,-10,-1,67,-1,37,-18,0,-16,-13,9,0,-13,26,22,-98,116,-29,13,-11,-2,42,12,-3,2,4,3,1,8,-16,-56,-13,14,-172,3,9,12,15,-14,9,-12,337,-1,4,-36
s17a1065,"=IF(C68>=0,C68/C$3*15+25,25-C68/C$4*15)",13812,357,44,347,365,370,369,-84,-15,-25,-5,-2,16,-36,4,95,-123,-95,10,27,281,-14,2,-26,241,-9,50,-17,8,96,52,6,-24,65,59,359,65,197,-30,-7,-10,25,20,85,90,23,362,-13,-28,9,357,-4,8,26,-38,30,48,-12,0,39,9,-26,28,360,365,-14,81,0,54,10,31,-7,12,10,-3,-4,-10,49,8,358,365,117,-1,-3,66,-12,10,5,1,-23,-25,-1,10,-26,-11,10,-19,-9,-13,-4,-2,-7,-42,-5,-68,-7,11,200,12,55,20,1,24,32,-25,-36,0,-46,21,-2,326,1,16,-9,-43,3,30,24,23,8,6,-24,250,-11,-10,16,-7,-1,39,-18,20,33,-16,-16,-75,363,-8,11,-1
s17a1066,"=IF(C69>=0,C69/C$3*15+25,25-C69/C$4*15)",2161,96,-166,129,362,360,359,-252,-63,-84,-172,-133,21,-67,-103,-66,-128,-239,-121,11,113,7,6,0,182,-2,23,5,24,-1,93,-29,-61,9,5,121,-98,73,-136,86,-15,8,-11,-37,178,11,47,-7,-113,-1,84,-92,11,2,-62,-139,-66,22,5,1,-134,119,16,74,119,9,340,-70,0,-16,123,-17,-20,27,62,22,5,218,-218,94,96,-2,46,7,164,-17,9,17,-4,20,10,-10,19,-144,5,19,25,15,37,1,-10,24,-216,-14,-42,1,134,120,1,-2,-6,-10,-40,15,13,-7,14,61,33,-59,50,-10,-6,-56,-33,6,5,-2,-24,-29,-15,4,-2,-1,-4,17,-7,49,-99,13,15,-36,-31,27,-8,86,13,-53,76
s17a1068,"=IF(C70>=0,C70/C$3*15+25,25-C70/C$4*15)",9131,344,17,365,357,357,359,-82,-21,-12,-43,13,-4,-21,-31,116,-20,-96,12,-2,-46,-22,-13,-14,-19,3,-15,-24,18,45,19,67,-97,-4,68,347,-38,193,-48,5,-29,-3,6,83,28,7,360,-12,-41,10,354,-10,-41,33,-57,-4,-16,-18,14,26,-3,2,3,356,356,-12,-2,24,26,0,-21,8,-38,-17,209,-9,0,4,-25,358,358,20,-25,4,-56,-4,4,-2,-11,10,-17,53,-29,-56,-13,4,-6,-37,-12,2,20,0,8,-23,-42,-22,-3,93,-8,45,-13,21,-18,-18,-14,-16,-24,7,13,26,234,-25,-1,-25,-57,12,-24,-28,1,9,5,15,12,-3,-2,-18,-3,-10,0,6,12,5,30,-12,-51,359,25,-28,-19
s17a1070,"=IF(C71>=0,C71/C$3*15+25,25-C71/C$4*15)",7640,357,15,363,367,362,359,-312,-10,-24,-89,24,-47,115,-145,-173,0,-309,-69,-2,98,-27,-4,3,13,-68,134,16,-4,-126,2,-42,-69,-60,173,351,-61,-147,-161,-17,2,-15,-4,85,19,-122,358,-11,-108,0,356,1,21,-123,-27,-73,22,25,-18,-66,-109,140,-57,347,357,-11,23,-3,-113,20,0,-12,9,0,61,-15,20,74,6,355,353,168,-58,16,-32,-4,-32,23,-16,9,18,-66,17,-68,20,8,6,20,-91,-2,-12,10,-78,30,-9,2,19,185,1,107,13,30,46,-89,20,22,2,-8,40,79,62,-7,-9,30,-10,34,-75,0,2,-11,30,19,171,10,38,8,-2,-134,3,-8,20,173,21,16,35,359,12,71,62
s17a1072,"=IF(C72>=0,C72/C$3*15+25,25-C72/C$4*15)",2313,25,-11,26,315,315,323,-4,22,-7,-33,-12,19,-2,-1,18,16,-8,-16,-23,17,-24,-8,6,0,1,-2,11,1,5,8,24,-9,11,-5,-16,5,-22,17,-15,-8,-11,6,6,-5,5,-13,-8,2,-6,-10,14,12,-3,-11,11,8,-15,-4,42,-18,6,-5,4,-9,-24,2,10,-12,-18,-38,0,-9,-9,4,5,-29,-5,-9,16,-3,3,42,11,4,-52,6,-1,7,3,-14,18,8,17,3,6,1,-24,33,13,0,3,-7,-5,26,-31,13,34,-6,23,41,24,-4,18,-45,3,16,17,-14,6,-9,33,8,-8,11,-11,7,-23,11,35,14,11,10,17,-6,-25,-6,-1,-26,2,-14,-11,12,-1,3,-6,-1,19,-1
s17a1073,"=IF(C73>=0,C73/C$3*15+25,25-C73/C$4*15)",151,-6,9,-17,-15,11,6,0,1,-25,-10,34,6,-1,7,-14,18,-16,0,-16,23,4,-4,9,7,-26,3,-7,-1,-18,11,11,29,-13,14,-8,30,25,-18,-11,-1,22,-9,-2,-12,-6,33,-4,-4,10,8,18,-4,21,-5,-32,3,-1,1,-10,-5,15,-21,-17,-11,8,7,-9,6,-40,17,0,0,-3,-18,4,-11,10,-3,16,-13,-13,25,12,7,6,9,15,-19,20,-6,-37,-2,42,-20,12,10,-1,6,-1,-7,-15,-9,20,4,-25,-8,17,-14,27,-10,-7,-22,-12,-3,-1,-1,-11,-5,-22,9,9,-9,-14,0,-8,-5,-5,-19,40,16,0,-8,-6,-1,5,18,-10,-4,2,-6,49,-27,-19,1,-11,-3,0,-36
s17a1074,"=IF(C74>=0,C74/C$3*15+25,25-C74/C$4*15)",33,-30,36,-44,7,0,-5,-26,-12,13,-3,-11,-18,-36,30,1,11,-37,-22,8,-12,17,-9,43,18,-23,-2,28,5,12,-13,52,-45,-10,-7,23,3,2,-12,7,-3,-7,5,19,-12,14,-29,1,-9,11,-7,5,-10,24,-19,9,2,-5,2,-15,22,23,-2,-16,14,-29,6,-11,-2,7,0,-5,1,0,-17,8,4,-3,3,28,-19,-8,-35,-18,10,10,7,8,17,-11,-18,17,-2,3,-1,-8,-7,-2,4,-19,25,-4,11,13,-11,3,-19,9,13,21,-10,23,0,-5,16,1,-6,-2,-3,-15,22,18,-7,20,17,1,-10,1,9,-13,20,4,19,-17,-1,-3,-15,32,35,-9,8,12,-42,5,6,17,-12,24,18
s17a1075,"=IF(C75>=0,C75/C$3*15+25,25-C75/C$4*15)",-11406,10,-87,16,360,360,360,-120,-195,-85,-35,-355,-6,-29,-31,-16,-36,-68,-44,-136,3,-25,2,2,6,-54,-357,15,24,-69,2,29,-335,-17,105,34,36,-7,-194,-8,25,-93,37,26,-19,-180,1,-7,-68,8,3,-12,-163,-365,-109,9,-145,-23,-8,-23,-136,0,-13,16,9,-8,-199,-361,-26,-88,-59,8,-5,3,0,2,0,-4,-105,15,-18,31,5,26,29,-2,-23,-26,-155,-84,-3,-137,2,-147,-17,30,9,14,14,19,1,17,-27,-65,-2,-93,-42,33,0,50,0,-1,-166,-68,-76,2,-144,10,35,64,0,-213,-76,-147,14,18,-54,-11,1,-226,-13,-72,13,-138,-134,-59,-11,-150,-2,-29,30,11,-11,-90,-350,30,-65,-8,-5
s17a1076,"=IF(C76>=0,C76/C$3*15+25,25-C76/C$4*15)",117,-8,0,-2,14,1,-3,-6,12,6,30,-7,2,-3,5,-11,2,6,6,11,3,5,-6,-11,3,2,6,22,65,-17,3,26,-18,20,-13,14,13,8,36,-9,-8,2,2,-23,-16,13,3,-33,10,27,24,6,2,8,-34,-13,26,-15,-2,5,-3,-14,-27,10,2,12,10,-22,-18,6,3,2,-32,-7,-9,0,8,15,-17,17,5,-3,-8,1,2,-18,17,-1,-17,1,-11,-1,13,18,9,-7,-2,13,29,39,-7,-16,-13,8,-18,-16,-11,5,-15,21,-4,-12,-3,22,2,-4,2,-6,4,25,-11,-15,-23,23,15,17,0,11,-2,35,-4,13,9,-7,5,-6,-11,0,-2,-15,-13,-18,4,-6,-15,-10,48,-14,1
s17a1077,"=IF(C77>=0,C77/C$3*15+25,25-C77/C$4*15)",-139,-15,3,-16,-7,-27,-2,-13,2,8,22,2,-6,-2,5,33,32,11,5,-29,-15,16,25,-11,25,26,18,10,20,-9,-8,22,-6,9,3,-10,-17,-14,8,14,-7,-2,13,28,-19,-13,21,10,29,0,20,-17,7,-2,-7,-1,-15,-17,18,7,12,-11,9,-5,-27,-27,2,3,-9,-14,14,-14,-27,10,17,-2,0,13,33,2,21,-5,-11,15,1,-49,1,5,5,9,2,-25,-29,9,11,30,-5,-1,-9,15,-2,-23,-14,21,-3,-5,-7,-19,-16,2,-15,-20,-33,1,3,-15,-12,14,20,1,14,0,14,12,-5,-10,-9,-18,3,1,-7,27,0,18,11,19,0,-25,-10,6,-1,4,-9,7,-18,17,-3,17,-24
s17a1078,"=IF(C78>=0,C78/C$3*15+25,25-C78/C$4*15)",4374,375,-281,300,360,360,360,-293,-114,-61,-365,-175,60,-135,-52,-131,-155,-304,-5,-14,5,-83,8,2,-185,-6,-196,-11,10,1,85,27,5,-19,180,375,70,-195,-150,-115,-6,-4,38,65,125,40,375,4,81,-11,375,0,-18,-175,-44,6,0,-75,15,62,-27,-10,15,375,375,-13,1,-45,-169,-15,-56,20,-14,9,-3,-5,11,0,-7,375,375,5,3,17,-5,-24,-3,17,-11,12,-15,-3,15,-114,35,-20,48,34,87,18,19,15,-266,-31,-41,-3,-52,225,-16,132,-4,0,10,-19,10,-1,21,20,27,55,-2,20,24,-20,100,23,-49,168,-1,9,-15,-7,10,7,-22,-16,16,56,-105,2,14,65,31,-12,-10,375,-6,-2,30
s17a1079,"=IF(C79>=0,C79/C$3*15+25,25-C79/C$4*15)",12715,351,-111,354,368,368,370,-308,-45,-13,-107,-319,43,67,-99,-130,-37,-314,-41,-153,-1,41,46,36,4,19,59,-1,-6,267,250,-49,-113,113,183,354,12,39,-156,-19,43,34,9,83,37,112,348,34,-143,-43,352,31,31,69,38,-94,67,3,-21,143,-10,55,36,347,349,6,22,4,199,46,1,16,1,-17,44,-8,10,0,0,358,347,-3,-49,8,171,15,52,-7,43,17,39,62,51,-290,36,-4,-1,15,94,21,11,-22,-89,40,-8,9,-10,90,-31,97,44,-15,17,59,39,29,17,111,85,-62,327,59,20,79,-110,-7,-64,25,1,44,-9,63,109,20,71,6,-6,-1,-6,-3,18,44,59,58,35,353,54,79,-6
s17a1080,"=IF(C80>=0,C80/C$3*15+25,25-C80/C$4*15)",-59582,0,-362,9,360,360,360,-360,-344,-356,-375,-355,-375,-375,-355,-348,-350,-374,-325,-335,10,-113,-342,-345,-345,-346,-370,-323,-358,-181,-365,-144,-345,-340,186,0,-350,-255,-342,-110,-369,-353,-4,180,-345,-170,0,-356,-345,-13,0,-375,-350,-370,-352,-354,-295,15,0,-365,-352,-10,-355,0,0,3,-344,-370,-120,-356,-351,-18,2,12,-19,21,-3,-375,-347,0,0,-360,31,-337,-375,17,-350,-20,-358,-346,-358,-342,-51,-356,13,-9,-8,-346,-361,-375,27,5,-338,-354,-373,-345,-101,229,2,121,-375,12,-358,-343,-355,-343,-356,12,-85,167,-15,-345,-318,-361,-216,-10,-345,-195,-7,-350,20,-349,-360,-357,-349,-353,-8,-369,-180,-2,27,-340,-352,-342,-350,0,-360,-354,-32
s13a2029,"=IF(C81>=0,C81/C$3*15+25,25-C81/C$4*15)",-59617,0,-375,8,360,360,360,-360,-344,-359,-375,-355,-375,-375,-360,-372,-350,-373,-325,-335,10,-98,-352,-345,-345,-342,-370,-351,-357,-178,-365,-36,-345,-340,178,0,-350,-255,-345,-110,-371,-356,-11,180,-345,-170,0,-354,-353,-9,0,-375,-344,-370,-357,-356,-306,15,-17,-365,-345,-10,-358,0,0,-1,-343,-367,-50,-346,-355,-13,-14,-26,-8,8,-3,-375,-346,0,0,-360,42,-347,-375,34,-344,11,-343,-350,-357,-344,-273,-355,34,-1,28,-338,-343,-375,36,-2,-351,-346,-375,-354,-97,232,3,134,-375,15,-350,-340,-362,-355,-336,13,-85,172,-15,-348,-321,-355,-230,-5,-341,-195,-6,-351,7,-357,-360,-354,-359,-351,-6,-367,-180,13,-4,-340,-348,-345,-350,0,-350,-353,4
s16a1301,"=IF(C82>=0,C82/C$3*15+25,25-C82/C$4*15)",7153,360,-67,374,360,370,360,-208,-31,-47,-118,-65,-3,-95,-149,-78,5,-221,-106,34,-123,-53,-3,14,0,7,17,-15,7,0,109,-32,-15,-45,181,360,130,-125,-105,-42,-8,4,-17,130,55,15,360,-2,-49,22,360,75,2,-5,-26,2,-7,53,2,43,-79,-165,98,360,360,-36,41,-40,-2,-23,-178,-7,-7,20,-26,-23,-8,-5,-3,360,360,0,2,4,75,-11,-16,-47,12,-4,-33,-71,28,-81,-16,9,12,-9,-45,15,1,13,-72,16,-37,-14,-6,183,6,92,7,8,-21,-66,37,-5,6,-33,81,47,8,4,-3,4,-130,2,3,17,1,-1,5,8,0,20,18,-12,-6,58,-22,-8,2,100,14,8,75,360,-31,17,23
s16a1303,"=IF(C83>=0,C83/C$3*15+25,25-C83/C$4*15)",1,-5,15,-22,-29,-31,-104,-43,-20,28,-17,28,-5,59,-20,45,86,-46,-16,-24,38,4,-21,5,182,10,15,28,13,-54,2,-10,-1,5,-60,-1,24,27,13,-20,10,39,-12,-109,5,6,-27,-5,-33,16,-19,-40,-31,26,-5,53,4,30,-8,-18,-62,16,48,-12,-19,-7,9,-6,-48,31,18,-13,-42,18,-22,5,-18,-19,44,-4,-19,-5,0,18,18,-31,-1,6,5,2,-16,1,-37,-13,11,-24,12,24,10,-12,6,8,-70,12,14,11,29,-46,-4,-26,-25,4,5,3,-35,-5,-45,-54,4,-42,-24,2,11,36,-16,16,-37,-19,-1,0,-4,-1,-8,22,43,5,0,8,27,0,54,6,-7,-21,33,25,17,42,41
s16a2301,"=IF(C84>=0,C84/C$3*15+25,25-C84/C$4*15)",10977,343,14,352,355,358,355,-16,-7,15,-34,12,2,-17,-14,-14,-12,-19,26,21,-38,3,-2,29,27,-18,18,-1,12,3,-2,14,27,16,62,348,-9,203,-4,14,10,-9,-5,58,0,22,346,-19,7,-14,337,179,-2,-27,-8,-20,11,13,-10,-12,-13,25,-11,333,345,4,16,1,-7,3,-23,-14,21,26,202,6,5,1,-13,344,347,-6,7,0,-5,-10,29,9,-3,12,0,18,4,3,10,13,26,-16,-20,-1,-10,8,-2,-27,-13,-6,3,95,7,41,11,9,25,1,6,20,22,23,4,47,191,4,7,6,-2,-4,33,1,17,6,3,10,20,-1,9,9,2,-7,1,-9,-11,-13,3,9,14,332,13,-14,-13
s16a2304,"=IF(C85>=0,C85/C$3*15+25,25-C85/C$4*15)",-1423,375,-332,370,360,360,360,-306,-74,-121,-357,-135,60,-15,-158,-134,-55,-318,-80,-53,125,-63,-119,-96,-95,71,-307,-220,18,-163,-105,112,10,-96,184,375,-45,-270,-109,-40,14,5,28,150,-90,-180,375,37,-115,3,375,5,40,110,-254,-1,17,0,27,105,-162,0,-5,375,375,-7,10,-55,-163,32,39,1,21,11,-16,25,18,5,-171,375,375,-75,-1,0,0,-14,8,4,16,55,3,-293,-31,-120,9,34,-1,-134,-144,-1,0,-8,-183,-92,-43,38,-53,167,4,88,-26,-1,10,-148,26,28,-10,45,82,62,335,-5,-37,-172,-205,13,-110,-145,-7,-213,6,29,-165,-10,-177,13,16,56,-105,19,29,110,11,-3,-160,375,1,-188,-60
s17a2001,"=IF(C86>=0,C86/C$3*15+25,25-C86/C$4*15)",2440,-10,7,11,362,368,363,-40,-1,-28,12,-27,4,-21,-1,29,-14,6,-19,4,14,4,24,10,15,-11,-3,-33,-2,-6,-15,35,-17,3,69,-30,-24,9,-1,-8,2,5,8,79,-8,-16,-26,-1,0,21,-32,-2,-25,-11,-35,-23,-3,26,-10,21,-19,3,-11,-14,19,14,10,12,-10,-8,39,-31,17,36,-26,-28,-12,0,-20,-41,-2,-9,-15,13,-14,0,1,1,-10,-2,-4,5,-3,0,3,6,-6,0,-20,3,12,-1,-31,-12,-34,-13,-3,102,4,27,1,14,-18,-10,12,8,29,-5,7,7,3,-8,9,-10,0,5,18,15,9,23,9,12,12,16,-27,-26,-55,-3,-19,7,-7,-14,23,3,-20,-3,22,16,32
s17a2002,"=IF(C87>=0,C87/C$3*15+25,25-C87/C$4*15)",10311,348,-12,357,356,358,352,20,-4,-33,-3,-17,-15,-4,7,23,-8,-28,3,2,-13,-10,-14,43,22,8,17,14,18,5,21,24,-40,4,113,350,-2,-3,-3,24,-13,10,-10,74,13,-10,352,31,20,-17,336,-10,11,-2,8,-47,48,32,14,67,20,-5,-22,348,339,-16,10,-1,-3,27,13,-7,-6,-11,141,20,34,-3,-18,355,348,-5,-11,25,25,-8,0,-4,-15,0,1,-22,22,-41,-24,11,15,-10,25,-9,-9,19,-17,16,-11,-8,-8,97,10,56,21,-37,-26,0,4,13,-20,10,12,46,17,-11,15,6,4,-7,-27,13,-9,8,-13,4,10,2,-11,2,0,-22,15,-14,20,-2,1,9,-11,355,0,-5,11
s17a2003,"=IF(C88>=0,C88/C$3*15+25,25-C88/C$4*15)",205,3,4,-24,-16,-3,-6,44,9,13,10,12,-4,1,3,-1,15,3,-25,11,2,20,-10,-12,-3,7,8,-3,-18,-35,21,11,-12,-18,-15,11,-11,-16,14,6,9,32,-17,20,-29,-10,2,-3,21,8,-7,-1,23,-1,16,5,20,9,9,-5,9,16,-4,1,0,-25,-7,6,14,4,-17,11,6,-11,-30,-15,4,6,-5,12,-2,8,-7,7,-31,-12,-13,0,3,-1,-18,-10,-2,-13,2,16,-5,26,5,1,7,-8,-21,15,-12,-11,-16,20,-31,9,10,-5,9,1,22,6,-4,24,3,-7,36,-1,21,-3,13,-2,-14,5,26,-5,19,-33,3,27,-7,-3,17,16,14,1,-1,-25,36,-4,4,-1,-2,-29,-6
s17a2004,"=IF(C89>=0,C89/C$3*15+25,25-C89/C$4*15)",9847,351,-34,362,364,357,360,-41,-19,-45,8,-20,2,-30,-14,57,-47,-23,-5,21,84,-9,37,9,10,-72,35,-6,2,-4,-3,-4,-46,-7,95,342,-6,114,-32,0,1,8,-37,84,0,2,357,-23,7,-10,352,-3,18,-2,-65,-62,35,29,-42,-9,-27,17,-24,345,351,24,5,-7,8,-13,9,-10,21,1,34,-23,33,15,-49,349,352,-13,5,9,-28,26,-43,-9,0,6,6,21,8,-50,11,2,3,-31,5,6,-4,-5,-22,2,-38,3,-3,151,28,67,-21,-7,-31,24,13,-19,-20,18,55,11,132,26,9,3,-34,5,-16,25,-10,-19,5,-9,28,12,-14,1,20,5,-37,2,9,-7,-1,-21,5,360,-2,-11,-5
s17a2005,"=IF(C90>=0,C90/C$3*15+25,25-C90/C$4*15)",9277,353,10,360,359,353,356,-3,-2,-27,15,-1,-31,-8,6,33,-30,-39,19,-5,6,-17,-19,27,4,-66,-4,-10,-27,16,9,14,-58,-16,97,351,-33,5,-12,23,-26,-28,-14,84,-25,4,350,-20,-27,-8,348,-14,-10,7,-42,-63,35,23,-36,15,-21,-10,-36,352,355,27,21,-5,2,-8,-20,-8,5,9,4,3,-9,1,-46,357,349,-7,11,-7,-28,12,17,3,-11,0,-18,-19,-7,-12,2,12,10,4,0,3,16,-1,16,10,-47,-3,-27,139,-4,63,4,-18,7,-1,18,8,2,22,-19,7,213,-8,6,-2,-26,11,2,19,7,-12,-15,29,17,7,-16,-18,-25,-8,-26,11,8,10,11,-43,0,350,21,-9,11
s17a2006,"=IF(C91>=0,C91/C$3*15+25,25-C91/C$4*15)",11351,344,3,355,359,363,360,-24,-4,-6,-9,4,8,-16,-28,67,-19,-65,12,16,26,-46,-33,10,-6,-45,40,17,3,-9,16,42,-79,34,108,358,-12,113,-16,4,-1,12,-4,73,-33,23,350,1,-35,-27,352,-15,11,-7,-69,-51,57,123,7,59,-26,31,-49,338,354,-9,1,14,18,11,2,-4,-18,3,71,18,-12,46,-30,354,347,18,-12,9,52,4,-5,-21,-29,7,0,1,-12,-27,-14,8,5,-2,-10,-6,-13,-1,-40,0,-5,-9,-4,126,-2,81,7,8,23,38,20,15,-6,13,11,37,284,-29,-7,30,-16,-13,-10,4,-9,-11,22,24,27,-2,27,16,27,-2,14,-13,-25,13,6,-14,26,346,2,17,12
s17a2007,"=IF(C92>=0,C92/C$3*15+25,25-C92/C$4*15)",14548,336,3,361,346,353,352,-64,2,-19,10,-23,15,-6,-11,-18,-83,-31,-25,15,100,-6,23,19,55,-21,67,23,-12,58,42,-11,275,65,145,353,20,334,-12,38,18,19,15,52,44,134,354,2,71,-19,344,337,19,31,-23,-66,51,42,-5,52,57,181,-43,344,348,7,-1,-1,17,-36,66,8,9,11,91,42,-16,-21,-21,346,344,58,2,-5,215,15,5,-1,7,-4,-5,0,27,-47,-7,11,6,25,28,-8,-19,17,-8,18,10,-12,59,83,12,72,1,6,-47,-41,-21,8,51,21,54,24,212,9,-6,-1,4,1,4,73,-30,-1,-14,5,-10,14,-5,-5,1,-27,-38,45,18,45,0,-27,-10,358,27,-14,75
s17a2008,"=IF(C93>=0,C93/C$3*15+25,25-C93/C$4*15)",4349,125,-44,78,366,363,367,-109,-3,-27,-5,15,-1,-24,13,48,-39,-97,23,19,-30,-15,-19,-36,-30,2,18,-26,-10,-32,-38,13,-4,2,128,161,-31,-10,-62,-23,-8,4,10,97,-46,5,210,-4,-66,-30,69,51,5,-15,-37,11,-41,-38,-16,48,-4,32,8,19,205,-12,107,-7,-12,14,-43,-8,9,17,195,-21,1,-20,-52,125,45,-13,-10,-23,-5,20,27,4,6,-11,-17,19,0,-106,-14,18,12,17,-19,1,10,11,-110,0,-61,-4,45,207,-24,77,9,7,-17,-14,-24,9,8,63,-12,83,-16,10,13,-56,-44,-19,13,51,-6,1,15,-22,23,7,-39,-7,-15,1,-10,30,-7,36,-7,-19,-49,279,4,-50,36
s17a2009,"=IF(C94>=0,C94/C$3*15+25,25-C94/C$4*15)",25852,356,16,357,364,365,367,-19,19,9,-27,22,68,45,4,59,241,-23,-6,43,253,31,19,13,343,314,-60,10,-16,272,278,41,236,94,223,343,88,363,13,31,17,25,-17,233,148,283,354,37,-6,-1,351,251,6,79,33,257,58,98,3,107,27,65,185,348,353,-1,-12,48,128,27,110,-27,6,-22,8,2,-37,153,279,343,352,116,5,1,135,6,9,17,15,7,13,33,65,0,-13,-5,5,10,48,-15,-26,0,-16,0,9,51,55,91,5,81,12,-13,35,68,3,-3,112,113,85,81,186,8,-12,18,27,11,27,77,7,32,1,8,111,27,38,7,4,336,290,20,28,11,33,9,6,346,48,42,169
s17a2010,"=IF(C95>=0,C95/C$3*15+25,25-C95/C$4*15)",-17,14,-17,-20,-6,30,0,-2,24,6,11,10,2,-32,11,-19,-18,19,2,17,36,-1,6,4,17,-7,7,15,4,-1,-37,-3,19,-18,13,-9,-9,6,19,-8,27,9,-10,1,15,6,-7,3,-7,11,10,-5,-6,1,-7,-1,-24,-30,8,-3,3,8,25,-19,-15,6,-11,4,15,-22,-10,0,-6,5,3,13,0,-27,12,1,3,33,12,-10,-3,-1,-14,20,-4,22,2,-11,5,12,0,-15,22,2,18,-8,6,-38,5,16,-21,0,12,-16,13,-10,16,22,12,2,-25,-2,0,-6,-20,14,-25,30,7,31,4,-16,-4,-12,-24,32,-15,8,27,4,0,-28,29,-19,8,22,-4,11,15,-25,0,-17,-13,9,-15
s17a2011,"=IF(C96>=0,C96/C$3*15+25,25-C96/C$4*15)",-287,2,-20,-16,15,-33,20,-8,2,21,8,9,-23,-18,-6,5,-16,8,-3,-6,-18,18,6,-6,41,18,4,-1,0,-6,7,5,1,-6,-14,13,-18,-30,-19,-10,-8,0,8,-7,13,13,1,-6,-9,4,-10,-6,14,24,6,3,13,-7,5,-16,-15,-8,-23,9,-9,6,-7,-2,-22,-3,-13,2,16,-11,-29,14,7,-9,-11,-12,-48,2,-8,2,10,3,-24,-6,21,36,29,2,-19,-4,-4,0,-6,-31,-7,8,8,-33,1,0,-6,-17,9,14,16,-1,-21,1,13,11,25,-12,9,9,8,19,-8,-20,-3,7,3,25,-9,3,11,4,3,1,-5,-2,-9,-4,5,-16,2,-11,-22,0,-11,0,-2,-25,12,26,-5
s17a2012,"=IF(C97>=0,C97/C$3*15+25,25-C97/C$4*15)",1497,2,-12,28,360,360,360,4,22,-38,-26,-21,-13,-8,-18,-6,-6,25,19,-13,22,-4,26,-9,40,8,-16,-8,17,-14,12,27,-9,9,97,19,9,-4,-10,-8,-36,-16,-17,61,-37,1,-2,-9,57,21,6,8,-14,-29,-32,-34,-3,9,0,13,-13,6,-14,-9,-33,-15,46,-8,-33,19,-5,-3,-15,-26,-11,-6,-8,0,-14,1,-5,-2,-16,-17,-20,-35,5,-8,-9,5,9,-9,-54,-9,7,16,0,-10,-13,-18,-17,-5,9,15,-33,17,9,81,14,55,-21,-7,18,-13,0,7,-14,-21,-41,64,2,6,10,8,-41,-35,-4,-19,-25,-6,22,-21,-14,20,-13,1,-8,-17,-18,26,5,1,4,-20,22,2,15,-1,14
s17a2014,"=IF(C98>=0,C98/C$3*15+25,25-C98/C$4*15)",12013,353,18,372,360,360,360,-16,-6,-40,-19,-11,-38,-22,-17,37,-52,-47,3,22,-14,7,12,-9,-15,3,-29,-24,-1,-4,169,-1,80,38,132,348,11,337,35,2,-18,5,18,69,40,-8,347,-4,-4,25,349,157,42,-25,-20,-51,74,28,-2,53,-9,-41,-40,348,352,-4,24,1,-12,17,-21,17,-2,-6,-32,2,-19,-25,-40,351,348,5,-4,-8,145,8,21,-25,20,13,-6,-10,29,-32,-12,-14,8,0,-21,3,-18,22,13,26,-41,8,-2,122,-6,85,-2,-9,-9,57,6,24,58,67,31,38,128,-16,-5,-20,19,16,38,14,-20,10,13,36,72,-6,-2,-4,-20,-13,-24,4,11,-8,27,16,23,343,29,-13,11
s17a2015,"=IF(C99>=0,C99/C$3*15+25,25-C99/C$4*15)",10321,350,-87,370,360,360,360,-77,-42,-27,-52,-2,-69,6,2,-54,52,-65,-1,30,5,19,-12,-2,-6,44,16,9,2,-82,69,12,-52,20,104,345,25,-83,8,33,26,20,-4,70,46,-45,352,17,-9,9,334,12,13,-99,-11,-8,71,158,5,37,-1,-3,7,352,350,-4,13,19,-29,-1,92,-11,8,9,1,-32,-1,-87,-71,359,359,41,1,13,140,-14,14,-2,4,2,4,-1,3,-29,-8,17,-26,-9,0,-11,4,19,-100,4,-13,-20,-32,143,30,94,-10,-11,9,15,3,6,31,42,65,-23,85,1,-29,53,2,-6,-30,16,7,-25,0,2,144,24,45,-22,15,-28,-13,8,-11,8,-12,10,-1,332,-9,56,4
s17a2017,"=IF(C100>=0,C100/C$3*15+25,25-C100/C$4*15)",9628,375,-13,373,360,360,360,-10,3,-23,-28,-10,-8,-15,-22,4,-55,-39,-12,7,-5,-30,5,21,1,-40,27,-20,20,14,-14,-1,-40,-57,103,375,-4,-2,18,-14,-15,-42,18,104,3,-19,375,14,19,20,375,-20,13,-30,-47,-71,49,-2,-17,15,10,-32,-6,375,375,-11,0,24,-7,29,-18,-13,8,-31,8,10,-11,0,-15,375,375,24,25,-10,10,-3,2,8,-19,-10,13,20,2,-8,37,9,-18,-10,21,0,5,-5,-1,3,-46,-33,12,136,17,89,-2,-3,-1,10,-5,6,-3,10,14,33,140,15,-1,-17,3,4,-26,-22,1,-7,-9,23,13,5,-40,-4,-4,-8,-55,1,1,6,19,17,-21,375,-7,-8,-58
s17a2018,"=IF(C101>=0,C101/C$3*15+25,25-C101/C$4*15)",23,12,-18,12,4,-8,14,-21,7,6,21,-10,28,-18,23,2,-16,-6,1,11,18,11,-7,-21,38,10,31,-6,6,-24,-2,27,-4,28,-9,12,-1,-20,11,1,0,9,-13,-6,-36,-12,5,12,24,-21,-4,-16,-11,-12,14,13,-12,10,-9,7,9,-6,-9,-20,2,19,-11,0,5,9,-19,-8,13,-33,15,-5,19,-8,9,0,1,-1,-25,-8,12,12,24,10,18,0,1,16,-12,21,-25,25,-9,12,-35,6,0,-22,-11,-11,9,-9,4,12,3,9,21,-8,-4,-10,19,19,-12,-6,30,-16,-3,-14,6,7,5,10,12,-1,13,-7,-32,-14,-12,10,34,15,9,-34,19,15,11,-14,-13,20,-11,18,-11,26,-10
s17a2019,"=IF(C102>=0,C102/C$3*15+25,25-C102/C$4*15)",366,-28,-30,-29,158,139,150,-20,13,8,-2,10,26,-19,-13,-32,13,-19,-5,9,23,-1,-8,-9,39,13,-42,-28,-1,10,-32,-4,-10,-4,40,23,22,-14,-51,-28,-3,5,8,73,-24,-13,-12,4,-8,29,-27,-5,-18,-11,24,2,9,-19,1,19,6,14,21,9,-17,4,8,-8,-33,-11,-9,1,12,2,-17,-19,7,-20,-15,-25,-16,-22,-6,-1,-17,-13,-11,0,-22,-8,-6,14,-17,5,-8,-6,17,-24,7,-10,-20,0,4,-28,-19,-18,-24,22,-16,65,-10,3,10,-13,21,-16,14,-23,-11,9,3,-13,2,4,-1,8,18,9,-9,-28,-13,2,1,1,-2,8,-6,5,6,-19,-11,8,-16,-2,-8,5,6,-37,8
s17a2020,"=IF(C103>=0,C103/C$3*15+25,25-C103/C$4*15)",25510,344,-19,351,375,373,374,-20,11,1,-11,51,16,46,-16,44,79,-15,-3,37,264,2,37,0,241,277,36,19,11,310,79,82,126,89,180,345,103,337,-6,26,-28,21,8,217,156,286,341,12,3,3,345,307,5,91,44,189,129,161,21,75,21,118,293,338,348,2,-4,39,172,17,117,7,15,13,66,6,5,281,76,332,338,66,18,8,252,2,6,5,9,16,-14,5,86,-37,0,17,12,21,70,30,-10,15,0,-4,5,-5,34,140,-13,120,22,2,13,81,2,14,168,99,92,125,174,50,-4,36,40,18,13,58,9,25,-13,13,261,30,4,41,-17,347,135,-29,24,48,-13,15,71,339,6,27,174
s17a2022,"=IF(C104>=0,C104/C$3*15+25,25-C104/C$4*15)",10680,352,16,365,363,362,358,-36,14,-37,-25,17,-12,9,6,-2,-37,-12,2,-30,60,-6,-24,-6,6,-32,9,7,27,22,-5,29,-80,4,116,364,14,91,-32,16,-4,-8,7,83,-20,2,351,17,58,-18,356,-32,2,-7,-34,-66,9,17,-1,59,-5,26,-43,348,356,-24,3,-1,29,6,-18,-16,-3,-10,153,19,8,30,-46,345,359,-6,-33,18,168,-40,-5,3,7,6,-21,9,15,-23,-6,13,9,-17,-15,-27,2,12,1,0,-49,4,-11,95,-1,82,-10,-23,-9,12,-5,-30,-14,6,13,26,-3,-14,30,32,9,-24,-21,28,-21,-5,7,-8,21,-8,36,5,-13,-4,34,-38,-10,3,8,18,16,350,12,26,-9
s17a2023,"=IF(C105>=0,C105/C$3*15+25,25-C105/C$4*15)",14248,327,4,355,369,368,368,-17,18,15,-2,-20,-11,6,-34,55,0,-17,24,46,-9,8,60,30,14,9,6,-23,29,-1,33,102,56,36,39,374,31,12,9,2,34,33,25,1,21,7,374,30,-7,-12,371,29,25,-8,49,10,4,6,24,6,2,30,28,375,375,7,5,73,-19,22,15,-16,41,0,33,3,-22,41,27,375,375,55,-3,17,22,2,38,-4,30,22,28,-12,21,-38,11,26,13,43,41,25,-9,16,-28,39,0,5,-2,70,-25,49,67,17,25,35,6,27,32,38,11,55,105,21,5,34,40,-18,31,40,12,-8,-17,25,27,27,25,26,16,38,-4,-19,30,32,33,23,38,375,36,0,28
s17a2024,"=IF(C106>=0,C106/C$3*15+25,25-C106/C$4*15)",9461,349,-10,354,361,363,360,-17,-19,-23,-10,-29,-41,-33,-13,38,-25,-24,-24,19,12,-44,-4,-25,-5,-26,-15,-24,5,-25,13,-21,-64,5,104,346,-25,-5,5,6,-13,-51,-2,80,6,-15,357,-20,10,-23,360,4,2,9,3,-41,37,20,-13,17,-21,-14,-49,342,353,-11,16,-7,26,37,-3,25,7,-13,68,-23,25,-30,-43,345,358,8,-20,-19,-32,-17,10,-11,19,1,5,15,7,-25,29,-7,-5,6,-6,6,-17,-10,-5,0,-35,0,24,131,-10,60,4,11,-16,1,3,-17,-5,41,14,36,163,-18,6,9,-10,-13,20,18,-31,7,-5,-9,13,-4,-34,-16,3,-5,-15,-14,21,0,-19,0,-1,354,-2,-5,-2
s17a2025,"=IF(C107>=0,C107/C$3*15+25,25-C107/C$4*15)",1476,126,-68,78,369,365,369,-107,-89,34,-54,22,-38,-25,-54,-34,-12,-70,-40,-53,21,5,-13,15,21,39,-47,-20,-3,-119,-63,3,59,-37,9,75,-1,-28,-21,-27,1,33,-6,65,-35,-131,93,9,6,5,79,-1,-14,-103,-12,-1,-69,33,-12,-37,-57,32,-32,71,87,-20,14,-28,-106,-16,-34,0,-21,15,20,-12,47,53,16,81,99,29,-39,-15,61,-10,28,-6,12,-4,7,-44,-44,-50,13,-51,-12,-11,15,18,8,-3,37,14,5,14,0,29,-11,-23,8,-10,-63,-33,-1,-35,0,-37,22,-32,-18,-68,7,15,3,20,-44,-17,8,-6,-5,15,4,-5,-25,6,-15,-31,24,3,-14,-24,17,-14,6,96,27,7,87
s17a2026,"=IF(C108>=0,C108/C$3*15+25,25-C108/C$4*15)",-30779,-234,-186,-251,375,353,364,-166,-168,-107,-154,-92,-66,-146,-119,-252,-65,-131,-69,-129,213,-203,-120,-89,80,-179,-95,-48,-32,-93,-130,-128,-214,-101,-110,-232,-79,-162,-79,41,-181,-194,-117,-160,-95,-199,-255,-167,-106,-20,-233,-61,-166,-134,-166,-169,-258,-246,-31,-210,-244,-165,-202,-236,-232,37,-69,-172,-133,-110,-156,-27,-1,1,-63,11,18,-215,-94,-229,-255,-176,41,-102,-160,-101,-168,-26,-137,-139,-137,-75,-197,-110,2,-24,-111,-113,-139,-133,13,-25,-120,-154,-69,-146,-75,0,-13,-172,-127,16,-129,-182,-115,-125,-136,-208,-52,-168,102,-133,-37,-126,-108,-16,-173,-141,-14,-85,-15,-172,-153,-143,-180,-108,-8,-191,26,20,-108,-118,-139,-152,-186,-227,-115,-121,19
s17a2027,"=IF(C109>=0,C109/C$3*15+25,25-C109/C$4*15)",214,-8,-2,8,3,0,-12,-7,1,-9,13,14,21,2,0,-10,-3,-19,20,1,-8,24,-23,-3,-12,-29,-7,-11,14,-14,29,-7,10,-11,-1,6,15,-7,-16,19,14,-5,7,8,3,5,20,18,-6,-23,24,-7,-40,9,3,16,4,-3,17,-6,20,-1,7,-11,-19,-1,-12,5,12,-29,22,12,17,-29,-20,-12,20,0,34,-8,-11,-33,2,-5,-17,-35,-13,10,18,8,-17,9,14,-28,-10,12,-16,13,22,7,35,14,21,-1,-5,-5,2,21,0,-7,-1,-5,16,6,-10,27,-16,5,-12,-13,13,-15,-2,11,-21,-20,3,3,33,4,-1,-11,8,3,3,-3,-3,-11,-9,-2,-6,-17,-9,4,-23,-8,-6,7,-19
s17a2028,"=IF(C110>=0,C110/C$3*15+25,25-C110/C$4*15)",-13736,-132,-133,-138,371,370,369,-137,-87,-46,-80,14,56,-63,-79,-54,-32,-145,-81,-80,9,-87,-97,-55,-92,-89,-72,-19,-26,11,-122,-22,-95,-95,25,-123,-74,-69,-75,13,-93,-99,-65,34,-52,-31,82,-96,-80,7,-4,-19,-78,-115,-85,-28,-146,-124,-34,-104,-138,-51,-109,-129,-131,-9,-57,-63,-2,-38,-103,-10,26,-7,-20,-4,-6,-112,-96,-104,-119,-80,27,-44,-89,-20,-77,0,-76,-74,-44,-73,-66,-58,20,-5,-67,-79,-83,-77,7,-37,-114,-84,-43,-87,85,168,-7,0,-69,-7,-71,-66,-69,-57,-67,-79,-47,27,86,-77,-6,-102,-26,-2,-65,-66,-9,-22,-19,-69,-97,-62,-101,-59,32,-56,-29,-11,-26,-93,-70,-79,-91,-23,-76,-65,-26
s17a2029,"=IF(C111>=0,C111/C$3*15+25,25-C111/C$4*15)",9468,375,-21,373,360,360,360,-26,-18,-27,-33,-16,-11,-36,-39,33,-50,-44,-13,3,3,-2,-9,-2,-4,-18,-29,-25,-8,8,3,11,-59,2,109,375,-27,-17,-41,-4,-11,-25,38,95,-11,0,375,15,81,-3,375,-14,-21,-23,-31,-64,26,29,24,32,-41,-20,-33,375,375,-6,12,-13,4,26,-12,-23,-21,-22,-10,-16,-5,6,-7,375,375,8,-3,0,-15,15,23,6,-2,-8,-28,-6,9,-7,32,23,30,13,-23,28,12,-24,2,-7,-55,-18,-51,113,-11,63,0,12,4,11,2,12,-46,12,36,38,154,-2,20,-2,-25,9,-15,4,-24,7,-11,-16,31,-9,2,7,-13,-3,-24,15,8,-14,3,-5,8,375,1,-16,-24
s17a2030,"=IF(C112>=0,C112/C$3*15+25,25-C112/C$4*15)",223,18,-5,15,-17,29,8,6,-23,-5,-9,-1,-15,4,-5,0,-11,2,-8,3,13,-11,-2,2,-3,-8,-13,17,26,21,7,18,-26,13,-5,-7,8,-31,-4,12,18,-23,16,17,-6,-7,24,-30,46,4,15,17,45,-3,24,14,-3,-20,40,34,10,-7,0,-11,-32,28,22,21,4,12,13,26,2,-16,5,13,14,-8,18,-12,10,8,34,3,-7,2,-4,-1,-13,-40,9,-7,-5,-14,19,4,14,-11,3,-7,-14,4,5,2,25,11,2,-8,17,-13,-3,0,-19,-5,8,0,17,-28,-7,5,6,6,-34,-6,4,2,26,-8,-7,-11,13,12,2,-21,35,-13,4,7,-2,-15,-7,-12,-13,5,15,21,-5,-20,-19
s17a2031,"=IF(C113>=0,C113/C$3*15+25,25-C113/C$4*15)",10501,349,16,360,353,360,349,-68,-18,-22,-29,-26,-8,-14,-22,17,-4,-88,-29,-7,-8,-9,28,-11,-41,-10,-26,-27,-13,45,33,-2,-13,20,93,350,-20,-36,-24,23,17,-20,-7,72,-7,4,350,3,-34,-24,352,21,-17,55,-8,-14,40,-5,-10,87,-21,0,-5,363,357,-10,28,19,45,-17,-7,-5,14,-32,39,21,-2,20,-29,353,348,14,-10,-8,-11,18,17,51,-17,-5,8,30,-21,27,3,26,11,31,7,6,-19,-5,3,-6,1,4,-38,152,-15,57,4,-17,0,20,37,25,-9,4,22,21,184,-9,5,-7,-34,23,-29,48,-13,0,24,10,58,42,35,1,-15,-41,-16,11,13,19,10,-4,7,356,28,9,-59
s17a2032,"=IF(C114>=0,C114/C$3*15+25,25-C114/C$4*15)",9746,348,-86,355,365,363,358,-34,-54,-12,-116,-16,-68,12,-30,1,38,-47,-36,-19,2,-34,-31,-1,-5,67,24,-18,18,8,146,-15,-64,-2,74,336,8,140,-20,23,11,45,-16,111,50,-17,358,15,-22,10,355,56,-17,-65,-33,-26,13,175,4,-4,-10,-4,-31,346,346,-14,-10,-46,-30,9,92,-2,-7,13,27,-3,9,-30,-66,341,350,47,-34,-5,168,20,-17,24,-26,-9,-14,30,16,-47,-6,0,13,-12,-8,-12,-15,6,-119,-8,-35,-23,-32,184,-23,65,-18,9,-11,0,3,-17,0,36,19,-2,24,-4,14,33,58,-10,-21,22,26,-51,-9,-31,67,-9,43,2,5,-32,-13,-9,34,-33,5,-12,22,346,-10,51,20
s17a2033,"=IF(C115>=0,C115/C$3*15+25,25-C115/C$4*15)",8976,343,0,357,359,361,362,-28,7,-32,-6,-16,-13,1,-3,14,-26,-16,-4,-12,-33,-20,-35,-14,-10,-44,13,-12,-23,-1,-8,-17,-63,-14,102,347,-5,-8,-34,-11,-12,-22,15,88,33,-13,346,-13,19,-3,344,-29,3,-18,-24,-40,35,43,-6,18,3,10,-34,358,346,17,24,-19,9,31,-37,-24,-10,-3,70,11,-13,-3,-21,357,356,-6,3,6,-10,-24,-14,-5,13,8,-11,-25,-6,1,24,-18,-5,0,-6,-18,2,9,-4,-3,-23,-25,-15,133,-2,71,21,11,-7,9,0,-2,1,26,12,18,77,-2,22,-17,-26,-8,56,6,6,22,29,-8,14,9,-2,1,20,14,-11,10,-6,13,-13,6,-24,350,28,19,-15
s17a2034,"=IF(C116>=0,C116/C$3*15+25,25-C116/C$4*15)",9753,355,1,358,353,359,356,0,-18,-17,7,-13,-6,-47,-13,14,-21,-8,24,2,2,7,-26,-13,-14,-56,32,-11,-22,-16,24,-15,-33,22,104,345,-8,-17,-19,17,-17,-11,6,82,-1,1,350,-44,17,-2,352,-13,-22,-2,-44,-55,21,31,14,13,-18,-1,-9,361,353,-2,9,-32,-30,-10,6,-24,-10,-2,214,-11,8,-18,-50,354,352,0,-18,25,-18,13,-12,10,-37,-14,4,-3,15,-33,4,-12,18,-3,1,-6,5,-15,-6,-15,6,-27,-8,144,8,78,6,12,4,7,5,0,22,20,21,56,204,-34,0,-17,-4,25,-12,27,18,33,5,-32,26,13,-31,-2,29,-8,18,10,14,-2,0,7,7,346,37,-15,10
s17a2035,"=IF(C117>=0,C117/C$3*15+25,25-C117/C$4*15)",9350,349,-92,360,353,351,351,-73,-38,-41,-122,-90,-97,-45,-7,-53,194,-80,-36,2,313,-1,-55,20,-71,-10,28,-2,28,93,-22,23,-46,21,99,352,-26,-80,-38,43,10,7,12,56,19,15,354,9,6,-4,345,8,9,2,4,-15,40,30,17,55,11,11,4,354,353,-5,9,-5,-45,17,11,-2,-31,-15,66,-3,-3,-53,-36,361,341,-3,39,-38,18,0,31,-32,13,16,-10,-63,-13,-90,-10,-6,18,-87,11,-4,-1,-2,-163,-4,-15,-2,-12,118,31,67,-27,-20,9,-19,32,31,0,9,82,-70,197,7,-13,-30,-42,16,-38,23,-8,-121,2,2,106,20,-53,11,16,9,14,-29,-6,19,32,15,-27,353,2,-56,-16
s17a2036,"=IF(C118>=0,C118/C$3*15+25,25-C118/C$4*15)",-3748,-12,-39,-7,365,371,360,-300,-31,-9,-115,-140,10,-15,-100,97,75,-305,-35,-46,0,-35,-30,-18,-120,-157,-64,25,-2,-36,-83,-10,-40,27,126,-10,-31,8,-102,-24,-45,-41,-35,77,44,-35,-12,1,-156,4,-13,25,-5,40,4,-28,-52,24,40,76,-46,0,33,-13,-12,3,-29,-27,-51,-3,-107,36,15,-6,5,5,-25,-20,-122,-13,-12,92,17,14,-50,-10,-33,-2,-7,-38,3,-9,-61,-119,-7,12,13,-15,-57,-12,1,10,-80,1,-39,-39,101,208,-15,72,-24,-16,-39,-42,-12,-22,14,0,-28,102,0,-30,-15,-87,-52,7,-57,47,-5,-13,6,-19,-115,-25,-52,-32,-15,-119,9,29,0,-81,-25,-14,-77,-12,-16,-42,16
s17a2037,"=IF(C119>=0,C119/C$3*15+25,25-C119/C$4*15)",-4519,85,-120,88,-18,360,22,-124,-50,-70,-25,-34,-41,-92,-64,-113,-40,-140,-25,-19,-106,-20,-33,-26,10,-28,-20,-38,-15,-1,-35,2,63,-68,46,85,-93,-62,-79,-10,-41,-67,31,24,-62,-64,85,-55,-49,34,85,-70,-47,-77,-14,-81,43,89,13,-59,-100,56,-84,85,85,20,7,-28,-16,-27,-54,-10,29,-16,-35,8,14,-47,-79,85,85,-67,-5,-27,-82,10,-31,-6,-48,-12,-6,-61,3,-48,41,-1,12,9,-38,-42,2,-17,-80,-34,-35,0,-36,69,-9,68,-29,-10,-18,-27,-12,-32,-70,38,0,9,61,-34,-16,-56,-31,18,-25,-25,20,-15,-14,-15,-51,-42,-44,-15,-11,17,-56,-28,-21,-12,-42,-30,-37,85,-16,-49,-24
s17a2038,"=IF(C120>=0,C120/C$3*15+25,25-C120/C$4*15)",-6409,-169,-139,-182,370,366,362,-322,-59,-33,-139,98,74,-26,-156,-162,64,-318,-96,-145,66,-25,-20,-26,-107,9,-29,-9,-111,203,-55,-48,35,-32,61,-175,-17,-26,-115,2,-29,37,-32,175,53,3,-175,-33,-142,8,-168,43,-17,143,-29,-31,-105,-128,17,-8,-89,-136,103,-171,-168,27,140,-11,62,-11,-71,26,5,0,-45,-29,9,-56,61,-166,-169,-45,33,-58,-67,-47,-20,-22,-10,-9,-31,0,-97,-92,7,17,-58,2,25,-27,-6,5,-98,-9,-1,-56,62,161,11,-38,-34,-5,-29,3,-29,-8,57,-99,-30,0,17,-7,-4,20,-93,-12,-36,5,10,2,1,-34,21,-7,39,-19,0,-113,1,13,-42,39,-9,-39,-22,-173,-29,9,25
s17a2039,"=IF(C121>=0,C121/C$3*15+25,25-C121/C$4*15)",-27251,15,-116,4,340,344,-141,-289,-327,-13,-129,-68,-68,-59,-17,-310,-350,-159,-340,-268,11,-63,-85,-28,-358,-329,83,-92,-208,-23,-328,-52,-67,-355,-1,15,-357,-16,-321,10,-166,-76,18,-112,5,-29,15,-144,-119,-2,15,5,-151,-70,-128,-194,-85,-10,17,-138,-88,102,-277,15,15,19,-132,-347,0,-229,-47,-2,-10,-7,0,-18,7,-66,-323,15,15,-16,6,-140,-331,8,-154,22,-186,-84,-157,-208,-92,-190,6,-22,10,-74,-200,-150,-14,8,-232,-72,-195,-5,-25,-60,-27,-90,-212,33,-130,-23,-12,-191,-160,40,-64,33,0,-196,-53,-232,26,5,-304,-27,21,-70,1,-103,-328,-179,-134,-216,-19,-4,-185,7,13,-39,-205,-147,-340,15,-138,-192,-51
s17a2040,"=IF(C122>=0,C122/C$3*15+25,25-C122/C$4*15)",9880,348,-16,369,359,355,358,-34,13,-53,-27,7,-38,-2,-26,-32,-32,-38,2,-27,-13,-10,10,-3,-21,-27,-19,-2,20,-30,-9,-18,-15,3,112,353,8,-25,11,10,-3,-10,-13,71,-5,4,353,-2,39,-20,353,1,-7,13,-11,-24,57,-5,5,55,3,4,-40,354,355,4,-28,4,-8,11,-12,-12,-19,-1,132,11,-27,-4,-38,348,354,18,-18,4,4,-1,10,3,6,7,-12,4,-26,-23,-1,-22,8,0,12,-8,18,-5,-3,21,-35,-16,9,116,-12,78,6,-2,-3,9,-1,5,-9,5,17,30,148,0,-28,-11,7,-3,12,18,-12,19,-6,-9,51,16,1,-9,1,-29,-34,-33,-11,-14,8,2,14,353,4,15,-5
s17a2041,"=IF(C123>=0,C123/C$3*15+25,25-C123/C$4*15)",8772,304,-11,313,325,325,322,-3,-21,-2,10,-4,2,-17,7,-19,32,-22,-21,0,42,2,-5,-4,-10,-12,6,-11,-24,10,16,27,-1,12,1,313,6,-9,-23,4,-7,36,-2,-13,2,1,310,-14,5,-10,312,0,7,14,8,-15,-11,12,27,1,-19,-21,13,316,308,-7,-22,-5,13,-3,37,1,-34,19,184,-34,3,7,-5,311,313,-14,13,-9,31,-5,19,-11,-16,33,-4,-2,-2,-12,-5,7,42,-20,-19,-7,27,-2,32,-3,-1,5,40,48,4,-2,12,0,-6,13,-10,7,-4,-7,7,-2,72,15,0,16,4,-25,-2,-10,8,41,17,21,0,-8,0,-19,4,-1,5,2,11,-13,5,-8,19,307,2,-2,-14
s17a2042,"=IF(C124>=0,C124/C$3*15+25,25-C124/C$4*15)",11765,364,-18,369,354,364,359,-146,-39,-17,-50,-42,-48,9,-98,21,-84,-147,-31,-7,-19,17,-3,-42,-19,-77,-170,-26,-2,174,178,-15,-82,47,163,361,45,266,-11,14,7,-10,-7,89,-46,214,357,32,-37,10,351,170,24,6,-87,-79,70,47,-11,151,-33,-53,-42,356,355,8,58,15,69,19,-52,-14,1,2,269,-9,1,21,-73,349,361,-18,-38,-7,170,22,9,5,29,-5,-23,23,37,-34,3,9,1,-13,-45,30,30,1,-44,-43,-39,7,-11,183,18,89,5,0,-26,-39,0,9,24,52,59,-19,174,17,-16,0,6,-19,-25,5,2,11,2,17,235,4,-25,10,34,-12,3,-36,32,-49,2,13,-9,352,32,-39,-10
s17a2043,"=IF(C125>=0,C125/C$3*15+25,25-C125/C$4*15)",9172,204,-42,230,360,360,360,-129,-48,-6,-102,-18,-3,16,-146,26,-40,-164,-15,31,-15,13,-9,15,-38,141,56,9,12,63,104,35,-36,97,140,230,80,-11,2,21,-33,0,27,110,33,53,174,31,0,-2,230,133,-16,2,-30,-29,13,-46,-28,47,15,-31,131,200,230,-12,30,28,60,24,35,-10,-14,-16,-3,-5,-9,-99,107,230,230,130,23,3,153,-1,-10,34,-10,13,37,9,89,-35,-20,2,-1,17,-36,-7,20,-2,-4,-11,-55,11,24,146,-8,45,0,30,23,-9,-24,7,63,70,18,76,-9,7,-21,-29,0,-5,-39,-20,-17,-6,-13,11,-24,-8,-12,25,22,121,4,6,-17,-13,-8,15,-32,230,26,-20,-9
s17a2044,"=IF(C126>=0,C126/C$3*15+25,25-C126/C$4*15)",261,39,-13,12,-15,-7,-24,0,15,-10,-10,-26,16,20,3,-4,1,20,-6,51,-8,-10,35,-9,-4,5,15,-2,-5,-21,17,17,18,2,9,-11,11,23,5,19,-1,0,11,2,-34,-25,-6,0,11,-1,14,9,-20,-13,1,-13,18,-3,3,-22,35,10,-20,-8,-10,6,-16,-14,-1,9,-24,11,0,20,11,8,23,-21,3,40,-6,-3,-16,-25,-6,-24,5,17,-12,-21,-21,0,1,-3,26,2,20,1,10,18,30,15,-22,-10,9,18,1,28,2,-23,23,-16,-16,-5,32,6,-5,24,21,-2,7,0,10,29,5,0,-33,-7,4,11,-1,4,30,9,-4,-13,-6,-8,-2,-1,-4,24,-11,-7,16,-21,-12,-8,16
s17a2046,"=IF(C127>=0,C127/C$3*15+25,25-C127/C$4*15)",15738,348,15,353,357,368,369,-47,-9,-19,-31,64,39,-49,-20,26,30,-90,-32,28,341,-11,-16,-20,2,47,-44,15,23,34,202,104,25,58,139,349,39,39,-65,63,34,35,-23,112,95,-1,343,-18,-17,7,340,67,-5,130,-7,75,49,80,24,99,7,75,65,344,344,8,-14,-11,11,19,122,-9,-4,18,107,26,-1,49,0,352,344,-7,19,-2,108,13,12,34,0,-7,-4,16,-11,-30,11,11,-1,-17,37,15,8,2,8,-13,-35,17,39,170,20,68,-45,-15,11,36,-8,13,7,70,19,37,304,21,0,37,21,2,0,8,-22,-8,19,-12,80,22,17,19,16,-9,167,4,5,7,-23,-4,-27,342,10,44,24
s17a2047,"=IF(C128>=0,C128/C$3*15+25,25-C128/C$4*15)",3857,195,-33,190,360,360,360,-44,-9,-42,-53,-50,0,-17,-37,-129,-20,-80,-61,19,81,-22,8,27,41,-15,11,-40,89,-16,21,14,-64,-43,38,195,55,-51,-24,12,-38,-25,23,117,43,-23,195,-30,17,-11,195,59,7,-7,-25,-17,-136,-171,17,-4,-33,77,-36,195,195,20,-4,-13,16,8,33,38,-21,-1,-33,16,5,-153,-35,195,195,-15,19,0,161,-4,-17,27,-22,-12,-10,-105,-31,-55,-19,-23,-30,5,-1,-11,7,13,-73,-25,-22,-2,41,152,4,60,-17,17,-2,-26,-10,-16,35,-28,15,7,5,-5,-4,-6,-16,-7,-23,0,-10,0,-18,-12,-27,-7,-27,-29,-17,8,-33,16,0,6,-18,1,15,195,-20,-45,23
s17a2048,"=IF(C129>=0,C129/C$3*15+25,25-C129/C$4*15)",98,32,11,-30,-10,-10,8,12,5,15,1,-25,8,-20,4,-11,-13,4,1,-20,3,-6,-6,-29,16,15,-8,2,17,-34,-23,6,-6,-18,8,-7,37,-15,17,-16,2,15,-32,-18,1,37,13,1,25,5,13,-6,2,0,0,-12,7,9,-12,-8,6,13,6,-12,-12,-5,-15,-5,-34,12,12,-9,-28,21,-12,20,-12,-1,-10,-3,-9,16,-9,29,-42,-14,16,6,-8,-22,4,-3,8,-29,10,9,11,16,6,-23,24,12,-4,-6,18,-11,-5,-6,-26,20,-4,16,2,14,4,-3,19,14,-1,-9,-30,-18,18,-8,4,-5,0,-23,0,31,35,5,-14,4,-7,-5,21,5,0,9,-13,-7,-19,9,-4,-18,7,18,9
s17a2050,"=IF(C130>=0,C130/C$3*15+25,25-C130/C$4*15)",11838,346,-4,356,357,343,354,-47,29,-30,23,-16,-22,-40,-42,32,-4,-11,7,9,14,17,20,-24,-11,12,-39,-24,23,105,-23,3,74,10,-4,346,-51,341,-10,-21,-32,-19,24,54,1,59,357,-33,20,-10,353,337,4,26,5,-37,31,-1,21,17,-5,16,-8,352,354,-16,-21,21,7,11,-18,-12,10,6,-10,15,-3,12,-64,358,357,21,-16,17,291,22,14,-13,-6,4,-15,5,15,-46,-35,-19,-11,-20,55,10,-20,-2,-63,-6,-26,10,6,95,27,51,1,7,-9,50,-11,-21,88,21,29,7,230,0,22,0,3,-10,-25,20,14,0,19,-2,14,3,-24,-26,-6,18,-18,3,-2,3,17,-28,-37,355,-26,-18,8
s17a2052,"=IF(C131>=0,C131/C$3*15+25,25-C131/C$4*15)",-216,19,12,-6,7,14,13,2,14,-26,19,-30,-9,-47,5,3,0,18,-12,-26,8,-33,27,-15,-4,-7,-10,14,-8,20,-33,-15,0,33,-8,-5,12,24,13,-2,-1,-18,24,13,-9,29,-18,-14,-7,4,-26,-26,16,-24,-10,-4,-10,-14,7,-11,-6,-28,-4,6,-10,-13,-29,15,-7,-15,-3,19,5,12,-4,-11,-14,-12,-3,-15,22,12,9,5,-20,-13,-10,34,5,10,-11,-12,-20,9,7,-2,14,11,-8,20,0,4,-1,4,10,29,5,-5,26,22,27,6,12,6,23,-5,-13,-16,26,-20,-1,-14,9,-21,2,-9,-25,4,-4,3,0,7,-3,-15,19,30,-11,-13,-11,5,-4,-27,-1,-2,12,5,27,0,1
s17a2053,"=IF(C132>=0,C132/C$3*15+25,25-C132/C$4*15)",8839,339,-16,356,360,360,359,-15,-15,-30,-16,-11,-34,-26,-15,30,-55,-11,0,12,-10,-21,-12,-16,-20,-26,-1,-17,10,-2,-6,1,-64,-23,89,347,-38,-6,-41,-19,-18,-13,-28,82,-4,3,351,-36,26,0,345,0,9,1,-52,-32,44,11,-7,64,15,19,-53,354,351,-3,-33,7,-3,14,-5,-30,-3,13,194,-10,-15,-5,-34,352,354,-37,6,-13,4,-17,-25,-19,0,-26,-12,21,7,-23,5,1,4,-19,-16,-2,8,7,23,-15,-16,17,-19,127,-10,73,7,21,4,10,-4,24,-6,21,6,16,72,-10,3,2,7,4,19,16,-28,-16,2,0,-30,45,-11,-13,25,23,-1,17,-13,-34,-1,-14,-8,350,10,-13,-27
s17a2055,"=IF(C133>=0,C133/C$3*15+25,25-C133/C$4*15)",-2891,360,-357,369,360,360,360,-291,-87,-36,-246,-175,-90,-65,-111,-236,0,-350,-90,-148,10,-64,-62,-25,10,-135,-183,-6,9,-4,-20,-61,-135,5,177,360,-130,-5,-85,-35,-65,-48,-12,0,0,15,360,-44,-84,-12,360,-195,-14,0,-74,-112,22,-17,12,23,-46,-375,-153,360,360,-14,-8,-196,6,-3,-167,-2,6,19,-25,1,-14,-10,-78,360,360,0,-6,13,165,-12,-36,-26,-5,-32,-18,-81,4,-117,27,-24,-6,-87,-157,-42,25,0,-265,1,12,-41,16,161,0,105,-31,11,-60,-79,-13,-21,-153,115,24,-25,330,6,1,-262,26,27,18,25,-12,-21,-29,-19,0,-25,-257,-12,-11,-44,5,7,1,-150,-3,-12,-250,360,15,-256,97
s17a2056,"=IF(C134>=0,C134/C$3*15+25,25-C134/C$4*15)",9955,343,6,358,355,358,348,8,-10,-27,-32,-19,12,-6,2,-7,-11,-7,-13,-3,-18,24,21,-3,9,-7,34,11,18,-10,19,-21,-23,-27,102,351,12,-18,7,23,0,-4,-6,74,-1,-37,349,1,-3,-16,351,-30,7,-31,-12,21,31,4,9,54,20,-11,-29,354,350,8,-6,22,-24,9,3,16,1,3,152,11,-2,-3,-36,350,350,9,-10,-31,-30,21,2,6,2,10,-4,12,-1,15,7,-10,9,-10,-10,5,-10,12,-10,7,-6,18,6,149,-6,91,21,-3,-2,-8,15,-12,-5,29,9,19,233,25,-27,14,3,29,-6,33,0,-10,11,6,11,0,8,34,-18,-18,-48,-7,21,7,17,-4,9,355,-24,15,-28
s17a2057,"=IF(C135>=0,C135/C$3*15+25,25-C135/C$4*15)",12449,352,-10,360,358,362,364,-122,-26,-46,-65,-33,-32,16,-77,6,-88,-123,-23,-24,-89,-12,0,-30,-34,-23,-166,-25,6,176,137,-13,-94,71,173,361,38,265,-43,15,18,13,18,81,5,225,354,5,-49,31,351,170,-14,3,-45,-56,90,48,4,103,28,-39,-47,346,366,-16,67,43,34,-6,-47,-2,7,13,204,-17,15,17,-74,365,354,-8,-32,0,152,-23,-25,-18,39,-12,-28,25,35,-11,-13,37,18,-1,-42,33,24,-2,-70,-24,-24,28,-1,201,18,72,2,0,-30,-31,7,39,66,71,96,-42,257,-2,18,1,18,-11,19,6,3,-2,-6,11,249,-23,0,-18,-6,-15,-21,13,37,-37,16,16,29,350,29,15,-22
s17a2058,"=IF(C136>=0,C136/C$3*15+25,25-C136/C$4*15)",10601,348,2,358,354,357,358,0,24,-19,-10,-38,-29,18,9,-33,-46,-31,19,7,-9,1,-3,4,-3,6,6,-29,20,9,12,0,-10,-17,95,359,-26,16,-13,-11,31,-3,-12,65,0,-4,347,-20,24,-11,348,-17,6,-16,0,2,53,31,16,80,-21,24,-8,344,351,12,-35,5,2,24,13,0,4,-8,133,-36,7,-10,-30,346,352,27,7,-11,9,-16,11,4,-13,-6,8,16,-20,-23,0,20,7,-8,5,13,-1,-5,-10,25,-3,-13,-25,146,-12,74,-1,-19,-21,18,-21,-13,-3,32,50,-3,275,23,-13,22,-8,7,-12,15,-18,3,3,-18,16,26,-2,0,-6,-19,-15,1,18,21,-11,-6,14,345,-11,15,-22
s17a2060,"=IF(C137>=0,C137/C$3*15+25,25-C137/C$4*15)",236,46,20,-7,10,10,26,16,-34,-21,-29,34,-22,-4,-3,10,11,-15,5,15,-16,6,0,-12,12,30,-12,5,6,-49,31,-4,38,6,-54,30,7,-28,9,-2,1,-6,9,-22,16,-13,10,10,4,11,8,-34,4,4,-21,-6,13,16,16,16,-4,0,-21,29,5,5,-23,8,21,-29,-11,1,-1,40,-14,13,9,8,-22,21,-12,-29,0,6,24,-8,-6,2,-4,3,6,14,-16,-9,11,10,16,1,1,-10,-14,-24,30,31,22,10,-7,-13,0,-13,9,14,23,33,6,-11,23,-26,-11,4,-13,-15,-3,8,12,-13,-13,-3,-24,10,22,5,14,3,-12,-22,0,-6,-9,-29,4,3,-15,2,-9,-3,22,51,12
s17a2062,"=IF(C138>=0,C138/C$3*15+25,25-C138/C$4*15)",10288,367,-91,349,364,357,356,-323,-99,-11,-165,14,62,80,-16,98,-1,-326,12,-25,9,35,18,22,-167,139,28,18,4,-44,32,-40,79,27,138,368,96,34,-256,6,43,13,13,63,95,20,367,19,-215,-21,369,46,4,85,19,54,11,52,-25,100,-58,0,140,367,366,-3,14,-14,-45,1,139,0,9,4,133,1,4,-56,0,368,368,-58,-31,13,-58,-9,20,5,9,-7,-5,16,-42,-305,-29,-19,27,-7,13,-9,22,-12,-323,12,-58,6,36,186,32,78,-24,-11,42,44,10,13,-20,102,46,121,18,27,-5,33,-107,20,11,18,4,13,24,-3,42,7,-2,-1,-11,0,89,28,2,94,15,33,-10,366,27,36,40
s17a2063,"=IF(C139>=0,C139/C$3*15+25,25-C139/C$4*15)",-242,180,-110,190,0,-95,95,-343,-188,-54,-289,-65,-60,-50,-300,-183,-90,-335,-170,-105,-190,26,12,-24,-95,0,-94,-58,50,94,30,-42,15,26,5,180,80,200,-221,60,39,27,23,0,-190,185,180,6,-123,-7,180,115,6,90,-4,-18,82,8,-4,5,-112,0,10,180,180,4,0,-20,89,-10,-4,12,-4,10,12,17,13,105,6,180,180,24,-42,0,105,16,19,-17,6,-9,-12,72,31,-145,25,5,8,31,16,54,1,-9,-156,2,6,15,10,-26,-10,44,29,0,24,12,18,21,-22,-9,76,-1,177,14,-8,3,1,6,-176,41,-1,17,-29,27,-5,-3,18,29,-1,-87,0,4,2,5,33,-1,5,180,13,11,-54
s17a2065,"=IF(C140>=0,C140/C$3*15+25,25-C140/C$4*15)",-393,6,9,-6,35,-6,24,34,-25,17,-3,14,-12,-10,-38,-9,-6,-24,34,19,11,11,3,-9,8,5,1,8,-8,-5,-6,-16,8,1,-6,7,-12,2,-20,-14,2,-12,2,8,-8,-4,1,8,1,-16,-7,-12,-24,11,2,26,-9,-18,-18,41,-7,-5,-24,6,-43,-6,-26,10,1,10,13,-15,-17,-11,21,19,-32,6,-26,-17,8,18,-2,-35,-10,-23,12,-5,18,23,-9,8,35,-38,-12,-9,-10,-10,-1,0,-6,0,-27,-9,19,-26,4,-16,18,12,13,-1,-8,-6,-3,-21,-6,29,-39,-14,-20,-16,-5,-20,-34,24,22,-14,25,-15,27,12,2,16,11,2,15,-4,-10,0,-6,-25,40,4,14,-26,4,16,-17
s17a2066,"=IF(C141>=0,C141/C$3*15+25,25-C141/C$4*15)",1438,-19,5,-30,363,357,361,-11,-14,-19,23,-33,-7,0,-28,28,-28,-25,-16,7,0,16,2,-6,4,-3,-19,23,-5,18,-11,15,-41,-6,99,-19,-18,4,7,-2,-20,4,-5,74,9,-1,-25,-29,-10,20,-35,5,-22,-11,-23,-12,-7,-22,-23,9,16,6,-10,-6,-12,43,6,11,-8,-13,-19,1,6,-9,19,11,21,-31,-36,-23,10,-13,27,-2,-15,-8,-23,10,-15,-45,4,29,-8,8,31,-13,36,-8,-18,-31,-2,-6,14,10,-18,-39,3,111,-3,49,-15,17,1,-23,-14,18,17,-5,-11,41,6,-5,-8,-2,16,-12,10,12,-5,-6,13,18,-13,16,-12,-36,5,13,-33,17,0,-4,-29,-9,-10,9,-28,-14,-9
s17a2069,"=IF(C142>=0,C142/C$3*15+25,25-C142/C$4*15)",8194,340,-67,372,360,360,360,-57,-24,-40,-71,-100,35,30,-56,0,-5,-99,20,11,5,22,-7,5,360,33,-176,3,-5,42,42,-51,40,-160,89,340,60,-130,-24,35,-35,-35,16,45,190,35,340,-8,-40,0,340,80,-18,-90,11,-54,29,-43,-4,-190,-45,-20,3,340,340,26,11,-30,41,9,-174,11,-13,4,-13,-14,7,-65,-55,340,340,-100,-18,-24,-110,32,13,10,6,-1,-12,-21,-36,-42,4,-5,-16,5,-7,28,9,11,-29,6,-37,-9,11,112,17,88,14,3,12,55,9,21,-29,75,5,-29,50,-12,-11,18,19,-16,-12,-26,2,3,4,1,150,-7,44,-17,3,-87,-5,14,5,0,-15,-20,95,340,3,17,6
s17a2070,"=IF(C143>=0,C143/C$3*15+25,25-C143/C$4*15)",9581,348,17,358,363,367,356,-6,0,-12,-10,-3,-9,3,-26,21,-35,-1,-24,-1,-15,-34,9,-22,19,-26,-28,-15,29,10,-30,15,-41,-6,106,354,-18,-3,13,-1,-39,-17,5,88,-15,25,349,9,-8,-1,352,0,-7,-12,-38,-75,66,15,-20,28,-26,-5,-36,346,356,-1,-28,-9,0,3,-33,9,28,-10,199,-12,0,-11,-36,348,353,-9,18,9,-7,-11,-4,-9,-21,6,-3,-9,36,-9,-16,4,18,-8,18,14,-21,-31,-3,23,-21,-6,16,140,5,77,-15,25,-6,3,5,21,-17,26,29,37,133,-5,28,-23,13,-8,-22,11,22,-10,5,-8,4,-4,14,9,-13,-26,2,7,14,7,0,5,-11,349,0,2,-3
s17a2071,"=IF(C144>=0,C144/C$3*15+25,25-C144/C$4*15)",9911,358,22,359,361,365,360,-23,-29,-12,-38,5,-5,-21,-24,26,-21,-21,10,35,10,-6,-25,-28,-26,-35,6,14,13,13,20,-25,-53,-26,104,355,-7,-27,17,-1,-29,-29,-2,77,-1,-1,354,-18,59,0,353,6,-2,2,2,-21,28,27,-7,38,-16,15,-19,345,349,-17,-19,-4,-5,-5,-31,22,-7,-9,212,-13,12,-13,-37,350,353,-3,-3,11,-8,2,-34,10,-9,9,5,-23,4,-13,-19,-24,-1,-18,15,-11,-4,-17,9,6,-25,19,10,153,-8,62,-13,6,-28,-4,-8,24,30,17,13,33,122,13,5,-9,-1,-1,1,23,-8,-5,13,-9,-3,10,-28,-9,22,-9,-20,-11,17,7,-6,0,-11,359,1,12,-2
s17a2076,"=IF(C145>=0,C145/C$3*15+25,25-C145/C$4*15)",11958,351,22,365,375,372,372,-156,-18,-6,-125,-44,-54,56,-77,-167,-74,-177,15,35,-135,3,-1,-23,-80,-80,-157,-30,-24,147,157,-25,-74,56,177,350,65,323,-32,13,-13,7,15,120,-90,195,351,8,-12,-17,351,164,4,-58,-38,-54,99,29,-12,139,21,-87,-75,351,350,11,-15,56,18,26,-61,4,-12,13,350,11,-8,10,-24,348,350,-75,-43,33,160,1,19,5,-3,26,-25,11,29,-58,-31,37,-5,-2,8,14,35,23,-63,-41,-60,18,-32,200,-4,62,37,-15,-1,-16,-8,-12,88,79,69,-14,341,31,-9,-12,46,-1,17,9,1,4,-1,20,250,27,-21,-11,21,-9,-1,-18,-5,-92,18,13,0,350,17,-26,7
s17a2077,"=IF(C146>=0,C146/C$3*15+25,25-C146/C$4*15)",-60028,0,-369,10,360,360,360,-367,-343,-348,-375,-355,-375,-375,-355,-343,-350,-375,-325,-335,10,-104,-343,-345,-345,-343,-370,-322,-352,-181,-365,-36,-345,-340,186,0,-350,-255,-346,-110,-373,-349,29,180,-345,-170,0,-355,-345,-16,0,-375,-345,-370,-351,-357,-223,15,-12,-365,-355,-10,-364,0,0,6,-355,-370,-87,-356,-354,2,9,-7,-22,5,-20,-375,-351,0,0,-360,7,-335,-375,-4,-354,-28,-356,-359,-353,-343,-91,-351,-37,-23,-9,-347,-352,-375,9,-16,-344,-355,-375,-345,-124,229,-16,140,-375,11,-351,-350,-354,-361,-348,12,-85,168,-15,-348,-305,-361,-216,-13,-345,-195,1,-345,11,-362,-360,-351,-351,-353,0,-366,-180,-22,1,-340,-344,-344,-350,0,-349,-357,-6
s17a2078,"=IF(C147>=0,C147/C$3*15+25,25-C147/C$4*15)",8666,356,12,356,364,357,362,-18,-20,-13,-34,-23,-38,-14,7,6,-56,-32,-33,-24,16,-5,-32,-8,-1,-37,-20,-2,1,13,-6,-6,-70,-3,111,347,-29,-17,-5,6,-38,5,50,94,-9,0,348,-2,-12,-5,352,-14,-20,2,-32,-61,36,6,29,31,6,-6,-35,353,341,5,30,-5,-11,23,18,-12,-32,15,88,13,-24,-19,-88,343,347,-19,-1,-16,-21,0,6,-4,32,-16,4,4,19,12,14,1,-1,-22,10,-21,12,3,-15,-11,-43,-11,12,123,-29,70,-18,-15,-37,-5,-1,-19,-22,25,-6,46,270,6,8,-14,-1,16,1,20,8,-4,-4,4,-26,38,-18,-2,17,6,-1,-8,33,-22,11,2,-17,362,0,-45,-24
s17a2079,"=IF(C148>=0,C148/C$3*15+25,25-C148/C$4*15)",11821,355,-25,360,358,359,363,-140,-53,-22,-73,-43,-51,35,-71,-101,-87,-106,-25,2,20,4,46,-8,-4,-48,-142,-29,-10,158,165,-19,-78,65,168,362,58,260,-36,2,20,7,24,66,-33,214,349,23,-44,18,359,175,8,-1,-45,-67,75,46,14,123,11,-77,-61,355,362,16,87,-3,16,49,-52,-21,16,-7,210,12,19,22,-81,347,352,-10,-19,38,207,-8,-4,-4,26,10,-32,18,54,5,-25,11,8,-3,-32,13,6,2,-114,-23,-26,21,-22,141,2,72,20,8,-46,-29,13,20,31,64,75,-27,130,-6,14,-1,31,-6,-15,18,8,-10,6,13,245,7,-33,-7,7,-25,-11,12,17,-47,19,42,4,349,25,0,-25
s17a2301,"=IF(C149>=0,C149/C$3*15+25,25-C149/C$4*15)",-1877,49,-137,83,5,5,12,-145,0,-8,-109,15,-23,-67,-127,98,12,-171,-98,-35,-40,6,-13,0,-48,35,-77,-14,56,-108,-101,152,104,12,-12,30,17,107,-91,-65,31,17,-43,-12,53,-117,32,23,-36,-5,40,94,24,-137,6,68,45,7,10,42,-121,-80,44,16,43,12,4,0,-94,15,-65,-8,-30,30,38,13,14,-50,54,38,66,-15,-57,-1,61,14,37,-10,-10,38,-8,-57,-16,-152,-13,9,-3,11,-14,5,-43,15,-151,7,-25,2,-57,-10,20,35,43,-23,51,-7,-3,-8,2,36,25,-11,48,23,-1,5,20,6,-34,-2,-3,0,-7,4,-82,48,8,-13,-13,-39,27,-8,-23,21,7,-1,-4,14,34,15,0
